del,4.823753595352173
del,4.72313666343689
ripemd160,2.919755458831787
ripemd160,2.919555425643921
parse-json,3.9214909076690674
parse-json,3.8210737705230713
p-timeout,2.719792366027832
p-timeout,2.7202372550964355
external-editor,2.9198803901672363
external-editor,2.922405242919922
object.values,4.3237996101379395
object.values,4.322477579116821
path-to-regexp,2.7192630767822266
path-to-regexp,2.720946788787842
extend,2.722242832183838
extend,2.671581506729126
@webassemblyjs_leb128,2.8200626373291016
@webassemblyjs_leb128,2.81964373588562
spdx-exceptions,2.7194833755493164
spdx-exceptions,2.7197084426879883
@babel_plugin-transform-sticky-regex,2.8693432807922363
@babel_plugin-transform-sticky-regex,2.820579767227173
istanbul-lib-source-maps,2.9714770317077637
istanbul-lib-source-maps,2.9197702407836914
utils-merge,2.721848487854004
utils-merge,2.7201268672943115
public-encrypt,8.580287456512451
public-encrypt,9.180509567260742
posix-character-classes,2.719395160675049
posix-character-classes,2.7195992469787598
randomfill,2.87003493309021
randomfill,2.820295810699463
object.pick,2.8197875022888184
object.pick,2.76998233795166
@babel_helper-module-transforms,4.474221229553223
@babel_helper-module-transforms,4.372995615005493
@babel_plugin-syntax-export-namespace-from,2.819084644317627
@babel_plugin-syntax-export-namespace-from,2.8214480876922607
object-visit,2.819148540496826
object-visit,2.8192250728607178
regjsgen,2.769522190093994
regjsgen,2.72041916847229
widest-line,3.019444704055786
widest-line,2.969453811645508
getpass,2.8192217350006104
getpass,2.7692863941192627
loader-utils,3.019489288330078
loader-utils,2.923164129257202
jest-each,39.38001775741577
jest-each,54.051918029785156
union-value,2.9717795848846436
union-value,2.869349241256714
css-loader,3.622544765472412
css-loader,3.621464967727661
json-schema-traverse,2.7196171283721924
json-schema-traverse,2.8196046352386475
path-type,2.771646499633789
path-type,2.771378517150879
htmlparser2,3.269630193710327
htmlparser2,3.169750452041626
opn,2.8195488452911377
opn,2.8204894065856934
lodash.isplainobject,2.768892765045166
lodash.isplainobject,2.720649003982544
dot-prop,2.8697597980499268
dot-prop,2.821223497390747
lowercase-keys,2.7192564010620117
lowercase-keys,2.7196826934814453
quick-lru,2.719243288040161
quick-lru,2.719766616821289
read-pkg,5.273210287094116
read-pkg,5.773656129837036
https-proxy-agent,3.020139694213867
https-proxy-agent,3.0206496715545654
acorn-jsx,2.7701992988586426
acorn-jsx,2.7191972732543945
es-abstract,3.7710459232330322
es-abstract,3.7213869094848633
universalify,2.769164800643921
universalify,2.7696328163146973
domexception,2.819256544113159
domexception,2.819983720779419
entities,2.7196691036224365
entities,2.720574140548706
@babel_plugin-syntax-jsx,2.7698514461517334
@babel_plugin-syntax-jsx,2.7706186771392822
nanomatch,8.179405450820923
nanomatch,12.334998369216919
resolve-url,2.769515037536621
resolve-url,2.7196195125579834
asynckit,2.7192423343658447
asynckit,2.7193546295166016
jest-get-type,2.669269561767578
jest-get-type,2.719510078430176
assert,12.134434938430786
assert,11.133683681488037
to-arraybuffer,2.6716461181640625
to-arraybuffer,2.6698825359344482
lodash.clonedeep,2.721606969833374
lodash.clonedeep,2.669015645980835
whatwg-encoding,2.7690982818603516
whatwg-encoding,2.819852352142334
typedarray,2.769456624984741
typedarray,2.7195775508880615
nth-check,2.8199617862701416
nth-check,2.7699413299560547
pretty-format,19.093857526779175
pretty-format,23.503341913223267
whatwg-fetch,2.7190821170806885
whatwg-fetch,2.7195188999176025
@babel_plugin-transform-dotall-regex,3.5209577083587646
@babel_plugin-transform-dotall-regex,3.421111822128296
get-intrinsic,2.81984806060791
get-intrinsic,2.819650888442993
media-typer,2.6693131923675537
media-typer,2.719822406768799
core-js,2.6697194576263428
core-js,2.6697616577148438
css,2.922506093978882
css,2.920308828353882
jwa,2.8194358348846436
jwa,2.8710672855377197
lodash.debounce,2.719360589981079
lodash.debounce,2.6693592071533203
get-stdin,2.6691904067993164
get-stdin,2.7195093631744385
jest-diff,9.881553649902344
jest-diff,10.081958532333374
prompts,2.8203001022338867
prompts,2.820535659790039
run-parallel,2.7192142009735107
run-parallel,2.7198760509490967
cosmiconfig,4.221902847290039
cosmiconfig,4.17303729057312
faye-websocket,3.0698471069335938
faye-websocket,2.9690651893615723
postcss-modules-local-by-default,2.969092845916748
postcss-modules-local-by-default,2.9701459407806396
statuses,2.718874216079712
statuses,2.7186191082000732
raw-body,3.019569158554077
raw-body,3.0196492671966553
aproba,2.719358205795288
aproba,2.6698648929595947
@babel_plugin-syntax-class-properties,2.769493818283081
@babel_plugin-syntax-class-properties,2.8198697566986084
dashdash,2.7195067405700684
dashdash,2.819584608078003
inquirer,5.224707126617432
inquirer,5.1743998527526855
es5-ext,5.727582931518555
es5-ext,5.724294900894165
has-flag,2.719116687774658
has-flag,2.7224745750427246
@babel_helper-replace-supers,4.071614742279053
@babel_helper-replace-supers,4.121786832809448
cssesc,2.718689203262329
cssesc,2.719078779220581
@babel_core,7.327011823654175
@babel_core,7.428669691085815
babel-preset-jest,38.92777466773987
babel-preset-jest,36.27300977706909
watchpack,2.8688406944274902
watchpack,2.8200595378875732
yargs-parser,2.7199394702911377
yargs-parser,2.7189409732818604
q,2.8211097717285156
q,2.8201920986175537
snapdragon,4.474628686904907
snapdragon,4.472287178039551
atob,2.6692535877227783
atob,2.7203447818756104
node-modules-regexp,2.720047950744629
node-modules-regexp,2.7199432849884033
is-directory,2.7193589210510254
is-directory,2.6692991256713867
har-schema,2.719585657119751
har-schema,2.7201106548309326
lodash.merge,2.7196285724639893
lodash.merge,2.719741106033325
yargs,3.320598602294922
yargs,3.3207249641418457
is-promise,2.7192766666412354
is-promise,2.7198262214660645
css-tree,2.8196287155151367
css-tree,2.8194563388824463
is-date-object,2.7695443630218506
is-date-object,2.7699382305145264
@babel_plugin-transform-literals,2.7690072059631348
@babel_plugin-transform-literals,2.769368886947632
minimalistic-assert,2.7189273834228516
minimalistic-assert,2.66880464553833
repeat-string,2.7195560932159424
repeat-string,2.719775676727295
uglify-js,2.7191896438598633
uglify-js,2.719343662261963
buffer,2.769113540649414
buffer,2.819309711456299
type-fest,2.6698970794677734
type-fest,2.6696970462799072
sane,4.47332763671875
sane,4.274996519088745
lodash.memoize,2.719714641571045
lodash.memoize,2.720205068588257
duplexify,3.1210412979125977
duplexify,3.1204116344451904
escape-string-regexp,2.7198636531829834
escape-string-regexp,2.7203474044799805
request-promise-core,3.0199644565582275
request-promise-core,3.0704591274261475
@babel_helper-create-class-features-plugin,4.22176194190979
@babel_helper-create-class-features-plugin,4.171749114990234
flush-write-stream,3.019583225250244
flush-write-stream,2.9695098400115967
util,9.228965044021606
util,8.778847217559814
prr,2.7194693088531494
prr,2.6691763401031494
boolbase,2.6693150997161865
boolbase,2.7193894386291504
commander,2.7193310260772705
commander,2.669684410095215
wide-align,3.0194389820098877
wide-align,2.9194488525390625
babel-plugin-polyfill-corejs3,39.1316773891449
babel-plugin-polyfill-corejs3,42.482274293899536
is-accessor-descriptor,2.7198987007141113
is-accessor-descriptor,2.6698551177978516
jest-serializer,5.874770164489746
jest-serializer,5.976412534713745
acorn,2.7195558547973633
acorn,2.66986083984375
is-plain-object,2.7196640968322754
is-plain-object,2.6697874069213867
arrify,2.7193808555603027
arrify,2.6693811416625977
ansi-regex,2.6689488887786865
ansi-regex,2.669055700302124
babel-plugin-dynamic-import-node,5.173333168029785
babel-plugin-dynamic-import-node,5.2234251499176025
tapable,2.7200610637664795
tapable,2.7208564281463623
xml-name-validator,2.6691551208496094
xml-name-validator,2.7202377319335938
no-case,2.8194565773010254
no-case,2.820554494857788
is-negative-zero,2.7219812870025635
is-negative-zero,2.719223737716675
json-parse-better-errors,2.6692824363708496
json-parse-better-errors,2.7194392681121826
arr-flatten,2.7204854488372803
arr-flatten,2.6691229343414307
pascalcase,2.719675064086914
pascalcase,2.66931414604187
color-convert,2.769268751144409
color-convert,2.7695400714874268
@babel_helper-validator-option,2.7205393314361572
@babel_helper-validator-option,2.720494031906128
makeerror,2.769871473312378
makeerror,2.771735191345215
error-ex,2.769369125366211
error-ex,2.769904851913452
md5.js,2.969940662384033
md5.js,2.9198200702667236
to-regex,3.120567560195923
to-regex,3.1201915740966797
console-control-strings,2.719555616378784
console-control-strings,2.669250726699829
pako,2.7218339443206787
pako,2.6690518856048584
path-parse,2.719956159591675
path-parse,2.7196578979492188
@babel_helper-plugin-utils,2.669703483581543
@babel_helper-plugin-utils,2.669823169708252
glob-parent,2.819617509841919
glob-parent,2.8195910453796387
node-releases,2.7190587520599365
node-releases,2.7217612266540527
file-type,6.579685926437378
file-type,6.676120042800903
for-in,2.6695010662078857
for-in,2.7194995880126953
postcss-modules-scope,2.87001895904541
postcss-modules-scope,2.8705005645751953
rc,2.9194390773773193
rc,2.86959171295166
aggregate-error,2.8699300289154053
aggregate-error,2.872023344039917
bluebird,2.7197952270507812
bluebird,2.7197089195251465
unset-value,2.9196670055389404
unset-value,2.921637535095215
levn,2.8720266819000244
levn,2.821438789367676
is-number,2.7705109119415283
is-number,2.7206716537475586
to-object-path,2.870147228240967
to-object-path,2.9212207794189453
caller-path,2.8199613094329834
caller-path,2.819953441619873
big.js,2.720324754714966
big.js,2.7204365730285645
tweetnacl,2.719125270843506
tweetnacl,2.719149351119995
@babel_helper-remap-async-to-generator,4.072335958480835
@babel_helper-remap-async-to-generator,4.072035074234009
express,4.372952461242676
express,4.123452663421631
nice-try,2.6707065105438232
nice-try,2.7199692726135254
esrecurse,2.8199214935302734
esrecurse,2.7700705528259277
@babel_plugin-syntax-async-generators,2.7695913314819336
@babel_plugin-syntax-async-generators,2.7699599266052246
strip-ansi,2.719264507293701
strip-ansi,2.7706243991851807
agent-base,2.870025157928467
agent-base,2.869659900665283
lines-and-columns,2.66913104057312
lines-and-columns,2.7201433181762695
wrappy,2.7194032669067383
wrappy,2.7194786071777344
@babel_helper-hoist-variables,2.8699772357940674
@babel_helper-hoist-variables,2.870364189147949
jest-environment-jsdom,
jest-environment-jsdom,
class-utils,3.6213748455047607
class-utils,3.571636915206909
node-fetch,2.9700753688812256
node-fetch,2.9196033477783203
tr46,2.769183874130249
tr46,2.7193236351013184
events,2.719778060913086
events,2.719151258468628
has-values,2.769162893295288
has-values,2.769712209701538
esquery,2.76922607421875
esquery,2.770036220550537
split-string,2.719667673110962
split-string,2.7203454971313477
source-map,2.7199316024780273
source-map,2.7197940349578857
graceful-fs,2.71983003616333
graceful-fs,2.6689155101776123
serve-static,3.220614194869995
serve-static,3.2712490558624268
node-int64,2.7195041179656982
node-int64,2.6696696281433105
function-bind,2.7202773094177246
function-bind,2.6703929901123047
jest-validate,10.336265087127686
jest-validate,11.736600160598755
html-entities,2.7201502323150635
html-entities,2.670228958129883
@babel_parser,2.7210562229156494
@babel_parser,2.670182943344116
@babel_plugin-transform-modules-umd,6.175456523895264
@babel_plugin-transform-modules-umd,5.474615812301636
style-loader,2.670532464981079
style-loader,2.669226884841919
import-local,3.021799087524414
import-local,2.970968246459961
signal-exit,2.6693217754364014
signal-exit,2.6696321964263916
@babel_plugin-transform-modules-amd,12.688231468200684
@babel_plugin-transform-modules-amd,12.78648328781128
cookie-signature,2.670341968536377
cookie-signature,2.669400930404663
on-finished,2.7200841903686523
on-finished,2.719416379928589
arr-diff,2.6690444946289062
arr-diff,2.6692042350769043
json-buffer,2.669074773788452
json-buffer,2.669358015060425
http-parser-js,2.6700761318206787
http-parser-js,2.6695430278778076
mkdirp,2.668865203857422
mkdirp,2.669130802154541
@babel_plugin-proposal-async-generator-functions,4.1234047412872314
@babel_plugin-proposal-async-generator-functions,4.1734983921051025
emoji-regex,2.7200071811676025
emoji-regex,2.67126727104187
jsbn,2.669678211212158
jsbn,2.619581699371338
unbox-primitive,3.022221088409424
unbox-primitive,3.0698559284210205
stream-each,3.2208058834075928
stream-each,2.8195815086364746
@babel_helper-compilation-targets,4.823330879211426
@babel_helper-compilation-targets,4.872854948043823
chardet,2.6187376976013184
chardet,2.6188817024230957
depd,2.6203880310058594
depd,2.6715970039367676
evp_bytestokey,2.9700751304626465
evp_bytestokey,2.9700064659118652
object-inspect,2.6688408851623535
object-inspect,2.6698923110961914
@babel_plugin-syntax-optional-catch-binding,2.7204201221466064
@babel_plugin-syntax-optional-catch-binding,2.719284772872925
@babel_plugin-transform-runtime,38.123478174209595
@babel_plugin-transform-runtime,48.746846199035645
npmlog,3.821220874786377
npmlog,3.822143793106079
scheduler,2.8700451850891113
scheduler,2.8700110912323
serialize-javascript,2.7698428630828857
serialize-javascript,2.770064353942871
follow-redirects,2.719391107559204
follow-redirects,2.669161081314087
to-regex-range,2.7189459800720215
to-regex-range,2.719116687774658
cacache,4.722595930099487
cacache,4.673060655593872
@babel_plugin-transform-parameters,2.769465923309326
@babel_plugin-transform-parameters,2.769472122192383
fs-extra,2.9208426475524902
fs-extra,2.870091676712036
@babel_plugin-proposal-private-methods,6.127180814743042
@babel_plugin-proposal-private-methods,5.32384991645813
shallow-clone,2.7699577808380127
shallow-clone,2.720163345336914
resolve-cwd,2.7197248935699463
resolve-cwd,2.7203683853149414
ansi-align,2.9708616733551025
ansi-align,2.8716084957122803
clone-deep,2.8700850009918213
clone-deep,2.8698227405548096
string-length,2.8200862407684326
string-length,2.82106876373291
bl,3.0203707218170166
bl,2.9698328971862793
regenerate-unicode-properties,2.718658447265625
regenerate-unicode-properties,2.869683027267456
xml2js,2.8689305782318115
xml2js,2.8210761547088623
compressible,2.7711074352264404
compressible,2.7694430351257324
tunnel-agent,2.7688701152801514
tunnel-agent,2.769575357437134
sort-keys,2.8191378116607666
sort-keys,2.7693631649017334
@babel_helper-wrap-function,4.321700811386108
@babel_helper-wrap-function,4.12117600440979
esutils,2.6691322326660156
esutils,2.718933582305908
he,2.719294548034668
he,2.669217824935913
readdirp,2.7691843509674072
readdirp,2.769042491912842
nanoid,2.6692264080047607
nanoid,2.7197353839874268
colorette,2.7691471576690674
colorette,2.669306516647339
map-cache,2.669475555419922
map-cache,2.7690019607543945
date-fns,2.719320774078369
date-fns,2.719667673110962
rsvp,2.770174741744995
rsvp,2.6688930988311768
hmac-drbg,3.9707329273223877
hmac-drbg,3.871546745300293
ip-regex,2.6686935424804688
ip-regex,2.7705726623535156
@babel_helper-member-expression-to-functions,2.8702845573425293
@babel_helper-member-expression-to-functions,2.9201221466064453
pirates,2.7698471546173096
pirates,2.769890069961548
websocket-extensions,2.719237804412842
websocket-extensions,2.669433832168579
on-headers,2.6689181327819824
on-headers,2.669295310974121
process,2.6688411235809326
process,2.7191267013549805
setimmediate,2.6690921783447266
setimmediate,2.669168710708618
acorn-walk,2.668842315673828
acorn-walk,2.720423936843872
walker,2.81915020942688
walker,2.7697737216949463
tsconfig-paths,2.8687283992767334
tsconfig-paths,2.920166254043579
deep-extend,2.6688079833984375
deep-extend,2.6191444396972656
querystringify,2.7192280292510986
querystringify,2.6696319580078125
@babel_plugin-transform-react-jsx,3.0198099613189697
@babel_plugin-transform-react-jsx,3.069505453109741
@babel_compat-data,2.669807195663452
@babel_compat-data,2.7701609134674072
v8-compile-cache,2.7699100971221924
v8-compile-cache,2.769399642944336
is-string,2.770341396331787
is-string,2.819519519805908
is-arguments,2.9196109771728516
is-arguments,2.8707895278930664
queue-microtask,2.669034719467163
queue-microtask,2.7689223289489746
is-plain-obj,2.719419002532959
is-plain-obj,2.6693689823150635
@cyf1996..._cq-attribute-import,2.719834566116333
@cyf1996..._cq-attribute-import,2.7193100452423096
@babel_traverse,3.972456693649292
@babel_traverse,4.173043966293335
safe-regex,3.871432065963745
safe-regex,3.7745423316955566
which,2.7193405628204346
which,2.7698590755462646
@webassemblyjs_helper-code-frame,2.9723334312438965
@webassemblyjs_helper-code-frame,2.9697537422180176
make-error,2.7196359634399414
make-error,2.719364881515503
querystring,2.7696282863616943
querystring,2.6692891120910645
prepend-http,2.6689422130584717
prepend-http,2.769883155822754
@babel_types,2.7694191932678223
@babel_types,2.769904613494873
create-ecdh,4.021803379058838
create-ecdh,4.122523307800293
file-uri-to-path,2.6688668727874756
file-uri-to-path,2.669684648513794
kleur,2.670912504196167
kleur,2.669269323348999
has-bigints,2.669271230697632
has-bigints,2.71994948387146
exec-sh,2.81923770904541
exec-sh,2.71972918510437
@babel_plugin-transform-for-of,2.819225311279297
@babel_plugin-transform-for-of,2.7692856788635254
regexpu-core,3.071000337600708
regexpu-core,3.122340679168701
lodash.uniq,2.720292806625366
lodash.uniq,2.6693286895751953
url-parse,2.8194425106048584
url-parse,2.8693413734436035
http-signature,3.6707217693328857
http-signature,3.5707814693450928
prettier,2.768855094909668
prettier,2.719282865524292
read-pkg-up,5.273759603500366
read-pkg-up,6.575977325439453
bindings,2.869396686553955
bindings,2.7698280811309814
loose-envify,2.769296407699585
loose-envify,2.869480848312378
@xtuc_ieee754,2.7689566612243652
@xtuc_ieee754,2.6692659854888916
tty-browserify,2.726505756378174
tty-browserify,2.6692421436309814
diffie-hellman,3.0697085857391357
diffie-hellman,3.019925832748413
flat-cache,3.370762825012207
flat-cache,3.271352529525757
isobject,2.818854808807373
isobject,2.670116901397705
asap,2.7192533016204834
asap,2.6696691513061523
elliptic,3.871654987335205
elliptic,3.8728997707366943
combined-stream,2.7699108123779297
combined-stream,2.719855308532715
delayed-stream,2.7197396755218506
delayed-stream,2.7193610668182373
fast-json-stable-stringify,2.669588804244995
fast-json-stable-stringify,2.719139814376831
onetime,2.7705154418945312
onetime,2.770406723022461
tmp,3.319857120513916
tmp,3.2702832221984863
hash.js,2.8209736347198486
hash.js,2.7688634395599365
table,3.721348285675049
table,3.6714861392974854
open,2.8693411350250244
open,2.9194679260253906
@babel_preset-modules,7.427062273025513
@babel_preset-modules,7.530222177505493
jsesc,2.720022439956665
jsesc,2.7199690341949463
jsdom,4.8733134269714355
jsdom,4.9760260581970215
resolve-from,2.7220747470855713
resolve-from,2.7698724269866943
ts-node,3.4207937717437744
ts-node,3.120262861251831
asn1,2.7714853286743164
asn1,2.7693419456481934
minipass,2.7702596187591553
minipass,2.819373369216919
invariant,2.8700854778289795
invariant,2.870027542114258
which-module,2.7187023162841797
which-module,2.7202978134155273
react-is,2.6687426567077637
react-is,2.7696499824523926
find-up,2.820011615753174
find-up,2.8695812225341797
emojis-list,2.620129346847534
emojis-list,2.6700563430786133
core-js-pure,2.6703996658325195
core-js-pure,2.6194183826446533
source-map-support,2.8702032566070557
source-map-support,2.8211681842803955
urix,2.6690633296966553
urix,2.6696197986602783
regenerator-runtime,2.6695590019226074
regenerator-runtime,2.669562339782715
promise-inflight,2.6693623065948486
promise-inflight,2.669494390487671
p-cancelable,2.670325994491577
p-cancelable,2.669217109680176
fast-glob,3.3211123943328857
fast-glob,3.3210721015930176
@xtuc_long,2.6690664291381836
@xtuc_long,2.7201850414276123
regjsparser,2.7193305492401123
regjsparser,2.769449472427368
util.promisify,7.0257813930511475
util.promisify,6.3761796951293945
postcss-loader,4.372588872909546
postcss-loader,4.322471380233765
ci-info,2.7191481590270996
ci-info,2.719905138015747
unpipe,2.872019052505493
unpipe,2.7195324897766113
request,6.32724666595459
request,7.0266499519348145
gensync,2.769514560699463
gensync,2.769587516784668
filesize,2.719719886779785
filesize,2.7691545486450195
require-main-filename,2.719059467315674
require-main-filename,2.6704928874969482
es6-symbol,5.674618721008301
es6-symbol,5.724892854690552
is-wsl,2.772181749343872
is-wsl,2.7705836296081543
@babel_helpers,4.121377229690552
@babel_helpers,4.221741199493408
supports-color,2.8696742057800293
supports-color,2.86932635307312
postcss-value-parser,2.7694497108459473
postcss-value-parser,2.7195303440093994
eslint-utils,2.7701239585876465
eslint-utils,2.771174669265747
@babel_plugin-transform-async-to-generator,5.023008346557617
@babel_plugin-transform-async-to-generator,5.022834777832031
forwarded,2.7216057777404785
forwarded,2.7186825275421143
run-async,2.6691455841064453
run-async,2.719099760055542
cacheable-request,3.270717144012451
cacheable-request,3.170740842819214
des.js,2.8697547912597656
des.js,2.8203797340393066
parseurl,2.7196648120880127
parseurl,2.7695460319519043
os-browserify,2.6687965393066406
os-browserify,2.6189706325531006
leven,2.7202842235565186
leven,2.719602584838867
regexpp,2.719418525695801
regexpp,2.669684410095215
unicode-canonical-property-names-ecmascript,2.7205963134765625
unicode-canonical-property-names-ecmascript,2.6693358421325684
data-urls,2.919729232788086
data-urls,2.970268487930298
array-union,2.7196521759033203
array-union,2.770277976989746
@webassemblyjs_helper-api-error,2.719303607940674
@webassemblyjs_helper-api-error,2.6697566509246826
jsonfile,2.8696231842041016
jsonfile,2.82021164894104
strip-eof,2.719475030899048
strip-eof,2.6696019172668457
browserify-rsa,2.869694471359253
browserify-rsa,2.819308042526245
strip-indent,2.769493579864502
strip-indent,2.7696876525878906
loader-runner,2.6691603660583496
loader-runner,2.7197396755218506
is-installed-globally,2.8692829608917236
is-installed-globally,2.820678234100342
braces,2.7700552940368652
braces,2.7698535919189453
shebang-regex,2.66933536529541
shebang-regex,2.669400930404663
@babel_plugin-transform-computed-properties,2.769482374191284
@babel_plugin-transform-computed-properties,2.7700037956237793
@jest_environment,299.88583636283875
@jest_environment,359.5323076248169
registry-auth-token,2.920609951019287
registry-auth-token,2.919867992401123
node-forge,2.721226930618286
node-forge,2.6725728511810303
istanbul-reports,3.070221424102783
istanbul-reports,3.0204036235809326
stream-http,2.9697794914245605
stream-http,2.9701571464538574
string-width,2.869320869445801
string-width,2.8692283630371094
micromatch,2.9198148250579834
micromatch,2.9195919036865234
sockjs-client,3.5709543228149414
sockjs-client,3.570713996887207
expect,116.24602699279785
expect,64.57052183151245
array-includes,4.472042560577393
array-includes,4.424696207046509
figures,2.7692911624908447
figures,2.920057535171509
@webassemblyjs_helper-wasm-section,3.121112823486328
@webassemblyjs_helper-wasm-section,3.169855833053589
tar-stream,3.420729637145996
tar-stream,3.37017822265625
infer-owner,2.6692280769348145
infer-owner,2.7211599349975586
performance-now,2.719195604324341
performance-now,2.769686222076416
@babel_template,3.572235107421875
@babel_template,3.672727108001709
enhanced-resolve,2.819547653198242
enhanced-resolve,2.921847105026245
os-homedir,2.769505023956299
os-homedir,2.7193846702575684
async,2.7691586017608643
async,2.7205238342285156
is-path-in-cwd,2.819425344467163
is-path-in-cwd,2.8193180561065674
ajv,2.9694738388061523
ajv,2.969965696334839
test-exclude,3.370814800262451
test-exclude,3.3209691047668457
timers-browserify,2.8694398403167725
timers-browserify,2.8196444511413574
inherits,2.669485330581665
inherits,2.769461154937744
reusify,2.719437599182129
reusify,2.7701408863067627
core-util-is,2.7692675590515137
core-util-is,2.8197765350341797
jest-regex-util,2.719477891921997
jest-regex-util,2.7218644618988037
yaml,2.7194337844848633
yaml,2.720217704772949
merge-stream,2.7695789337158203
merge-stream,2.7724618911743164
ssri,2.869502067565918
ssri,2.9202466011047363
sax,2.7196953296661377
sax,2.669412851333618
@babel_helper-function-name,3.621273994445801
@babel_helper-function-name,3.6212384700775146
ast-types,2.820006847381592
ast-types,2.820197582244873
string.prototype.trimend,2.9202287197113037
string.prototype.trimend,2.9701082706451416
@babel_plugin-proposal-dynamic-import,2.8698060512542725
@babel_plugin-proposal-dynamic-import,2.8203094005584717
parse-asn1,4.672706604003906
parse-asn1,5.12346339225769
is-symbol,2.7697970867156982
is-symbol,2.7692394256591797
ansi-colors,2.719099283218384
ansi-colors,2.720466136932373
autoprefixer,3.8715710639953613
autoprefixer,3.9220004081726074
https-browserify,2.7707340717315674
https-browserify,2.7708587646484375
eslint-module-utils,3.0203325748443604
eslint-module-utils,3.0715508460998535
@webassemblyjs_utf8,2.7198915481567383
@webassemblyjs_utf8,2.7203242778778076
has,2.8697609901428223
has,2.769946336746216
static-extend,3.521131992340088
static-extend,3.570897340774536
lower-case,2.8195629119873047
lower-case,2.820234775543213
@babel_plugin-transform-member-expression-literals,2.769535541534424
@babel_plugin-transform-member-expression-literals,2.7698261737823486
@babel_plugin-proposal-export-namespace-from,2.869779348373413
@babel_plugin-proposal-export-namespace-from,2.8197021484375
crypto-random-string,2.8197529315948486
crypto-random-string,2.8198952674865723
@babel_plugin-proposal-json-strings,2.819561004638672
@babel_plugin-proposal-json-strings,2.8206117153167725
has-ansi,2.7702839374542236
has-ansi,2.7698402404785156
unicode-match-property-value-ecmascript,2.7206263542175293
unicode-match-property-value-ecmascript,2.672373056411743
js-tokens,2.6701133251190186
js-tokens,2.670088052749634
side-channel,2.920342445373535
side-channel,2.969853639602661
content-type,2.6707980632781982
content-type,2.7191555500030518
jest-util,9.33130407333374
jest-util,9.23200511932373
jest-mock,18.29667019844055
jest-mock,8.979103565216064
defer-to-connect,2.6695799827575684
defer-to-connect,2.6701719760894775
eslint-plugin-import,19.59738564491272
eslint-plugin-import,23.005573987960815
number-is-nan,2.6691408157348633
number-is-nan,2.6693646907806396
require-from-string,2.7201173305511475
require-from-string,2.7200522422790527
collection-visit,2.8706445693969727
collection-visit,2.819556474685669
@babel_code-frame,3.3232316970825195
@babel_code-frame,3.3212265968322754
ret,2.7200281620025635
ret,2.670041799545288
@babel_plugin-transform-new-target,2.8194026947021484
@babel_plugin-transform-new-target,2.7694931030273438
param-case,2.9199023246765137
param-case,2.8703322410583496
make-dir,2.8192737102508545
make-dir,2.7694833278656006
fs-minipass,2.819199800491333
fs-minipass,2.920509099960327
diff,2.7195587158203125
diff,2.6705310344696045
decamelize,2.67140531539917
decamelize,2.6693499088287354
find-cache-dir,3.0707099437713623
find-cache-dir,3.0700767040252686
argparse,2.719219207763672
argparse,2.6696410179138184
buffer-xor,2.7195053100585938
buffer-xor,2.719417095184326
brace-expansion,2.7196662425994873
brace-expansion,2.719259738922119
redent,2.7692654132843018
redent,2.7700390815734863
@babel_plugin-transform-named-capturing-groups-regex,3.372913360595703
@babel_plugin-transform-named-capturing-groups-regex,3.320441961288452
execa,3.170258045196533
execa,3.0701048374176025
file-loader,3.320207118988037
file-loader,3.270493268966675
import-fresh,2.8192248344421387
import-fresh,2.76957368850708
@babel_helper-builder-binary-assignment-operator-visitor,2.92006516456604
@babel_helper-builder-binary-assignment-operator-visitor,2.922510862350464
url-parse-lax,2.7698538303375244
url-parse-lax,2.771695375442505
minimatch,2.8215062618255615
minimatch,2.8220744132995605
@tootallnate_once,2.6691508293151855
@tootallnate_once,2.66913104057312
npm-run-path,2.7718594074249268
npm-run-path,2.769470453262329
@babel_plugin-transform-unicode-regex,3.4205572605133057
@babel_plugin-transform-unicode-regex,3.3716237545013428
global-dirs,2.7193942070007324
global-dirs,2.769529342651367
keyv,2.7691166400909424
keyv,2.770064115524292
responselike,2.769153356552124
responselike,2.7692759037017822
strip-final-newline,2.720402240753174
strip-final-newline,2.670719623565674
array-unique,2.7192044258117676
array-unique,2.6693856716156006
y18n,2.6698083877563477
y18n,2.67192006111145
color-string,2.821101665496826
color-string,2.819509983062744
@babel_plugin-transform-template-literals,2.7693073749542236
@babel_plugin-transform-template-literals,2.869812250137329
jest-haste-map,20.6496798992157
jest-haste-map,20.697158336639404
@jest_source-map,2.8691694736480713
@jest_source-map,2.8695452213287354
eslint-import-resolver-node,3.0716822147369385
eslint-import-resolver-node,3.119624137878418
readable-stream,2.919973134994507
readable-stream,2.9197638034820557
path-is-absolute,2.7195327281951904
path-is-absolute,2.7199642658233643
glob-to-regexp,2.7192537784576416
glob-to-regexp,2.670464515686035
indent-string,2.6698923110961914
indent-string,2.7197659015655518
fs-write-stream-atomic,10.380972862243652
fs-write-stream-atomic,10.132084608078003
array.prototype.flat,6.024927616119385
array.prototype.flat,5.524310111999512
p-try,2.721144437789917
p-try,2.720111846923828
get-stream,2.7700624465942383
get-stream,2.719529867172241
react-dom,3.020080089569092
react-dom,3.0714499950408936
tar,3.0205535888671875
tar,3.0706369876861572
picomatch,2.71977162361145
picomatch,2.721464157104492
end-of-stream,2.8198189735412598
end-of-stream,2.819890260696411
co,2.769111156463623
co,2.719738245010376
@babel_plugin-transform-modules-commonjs,9.130831956863403
@babel_plugin-transform-modules-commonjs,9.83100700378418
symbol-observable,2.6697959899902344
symbol-observable,2.6720023155212402
word-wrap,2.719142436981201
word-wrap,2.7217113971710205
node-notifier,3.0706772804260254
node-notifier,3.1208174228668213
p-limit,2.769322633743286
p-limit,2.76891827583313
deep-equal,10.530278205871582
deep-equal,10.429868698120117
map-obj,2.669111490249634
map-obj,2.76990008354187
at-least-node,2.719440221786499
at-least-node,2.6691839694976807
wrap-ansi,2.970374584197998
wrap-ansi,2.970425605773926
is-path-inside,2.7696077823638916
is-path-inside,2.769366502761841
accepts,3.019381523132324
accepts,2.970489025115967
which-boxed-primitive,3.0702874660491943
which-boxed-primitive,3.0703420639038086
text-table,2.7698910236358643
text-table,2.719996690750122
lodash.sortby,2.8194656372070312
lodash.sortby,2.8200221061706543
buffer-from,2.719967842102051
buffer-from,2.7697689533233643
camelcase-keys,2.8699755668640137
camelcase-keys,2.9206016063690186
vary,2.8198351860046387
vary,2.8228726387023926
set-value,2.9199538230895996
set-value,2.820561170578003
isarray,2.6690104007720947
isarray,2.71905779838562
@babel_helper-split-export-declaration,2.919774055480957
@babel_helper-split-export-declaration,2.920769453048706
setprototypeof,2.71989369392395
setprototypeof,2.6705245971679688
doctrine,2.8205180168151855
doctrine,2.870481252670288
ieee754,2.719743490219116
ieee754,2.720113515853882
ip,2.819608688354492
ip,2.7213504314422607
csstype,2.719106912612915
csstype,2.819720983505249
webpack-sources,2.7210285663604736
webpack-sources,2.719334602355957
@sinonjs_fake-timers,2.9223856925964355
@sinonjs_fake-timers,2.9205682277679443
ecc-jsbn,2.82027530670166
ecc-jsbn,2.769807815551758
slash,2.719287633895874
slash,2.7197391986846924
http-cache-semantics,2.720366954803467
http-cache-semantics,2.719256639480591
acorn-globals,2.8713531494140625
acorn-globals,2.8689687252044678
jest-environment-node,517.6391427516937
jest-environment-node,465.86305260658264
async-limiter,2.6687862873077393
async-limiter,2.668515682220459
load-json-file,2.6689510345458984
load-json-file,2.720407485961914
safer-buffer,2.769463539123535
safer-buffer,2.7698044776916504
qs,3.06974458694458
qs,3.0194883346557617
pinkie,2.6688878536224365
pinkie,2.7690987586975098
gauge,3.3702573776245117
gauge,3.3708598613739014
stack-utils,2.7699050903320312
stack-utils,2.7694990634918213
browserify-cipher,3.7704215049743652
browserify-cipher,3.721877098083496
cli-cursor,2.8692409992218018
cli-cursor,2.8695926666259766
has-symbols,2.7192556858062744
has-symbols,2.7195019721984863
tslib,2.7193901538848877
tslib,2.6694204807281494
fast-deep-equal,2.7188122272491455
fast-deep-equal,2.7693421840667725
regenerator-transform,3.3199338912963867
regenerator-transform,3.2224550247192383
loglevel,2.7197463512420654
loglevel,2.720097780227661
@babel_plugin-transform-react-display-name,2.8708765506744385
@babel_plugin-transform-react-display-name,2.820030927658081
cache-base,3.7217655181884766
cache-base,3.721308708190918
file-entry-cache,3.3206162452697754
file-entry-cache,3.420503616333008
imurmurhash,2.7193198204040527
imurmurhash,2.669055223464966
global-prefix,2.870778799057007
global-prefix,2.972674608230591
react,2.919858932495117
react,2.9701976776123047
log-symbols,3.0202553272247314
log-symbols,3.0200510025024414
base,3.9223949909210205
base,3.922337770462036
isstream,2.7208590507507324
isstream,2.76963210105896
jws,2.8707852363586426
jws,2.970146894454956
p-locate,2.9205634593963623
p-locate,2.9222753047943115
mdn-data,2.719287395477295
mdn-data,2.670442581176758
boxen,3.5206761360168457
boxen,3.5205724239349365
is-number-object,2.81966233253479
is-number-object,2.819533586502075
babel-runtime,3.3211541175842285
babel-runtime,3.273155689239502
repeat-element,2.7192766666412354
repeat-element,2.7192471027374268
import-lazy,2.7198309898376465
import-lazy,2.6692440509796143
etag,2.7197105884552
etag,2.669858694076538
@webassemblyjs_wasm-opt,3.119938611984253
@webassemblyjs_wasm-opt,3.220001697540283
clone,2.719635486602783
clone,2.719717264175415
body-parser,3.4207592010498047
body-parser,3.4708611965179443
functional-red-black-tree,2.7189695835113525
functional-red-black-tree,2.7196648120880127
source-map-resolve,2.8194713592529297
source-map-resolve,2.819831609725952
stealthy-require,2.719146490097046
stealthy-require,2.7699828147888184
set-blocking,2.7195193767547607
set-blocking,2.669086456298828
ajv-errors,2.7698402404785156
ajv-errors,2.76956844329834
object.getownpropertydescriptors,4.471381187438965
object.getownpropertydescriptors,4.522772550582886
jest-worker,6.124661684036255
jest-worker,6.174997091293335
assert-plus,2.7194318771362305
assert-plus,2.6687662601470947
fast-levenshtein,2.919546604156494
fast-levenshtein,2.8193931579589844
v8-to-istanbul,2.8694427013397217
v8-to-istanbul,2.9193198680877686
prelude-ls,2.7200865745544434
prelude-ls,2.723518133163452
escodegen,3.219926118850708
escodegen,3.171659469604492
domelementtype,2.7187676429748535
domelementtype,2.7197816371917725
clean-stack,2.719167709350586
clean-stack,2.7700083255767822
path-key,2.668818950653076
path-key,2.7221381664276123
exit,2.719177007675171
exit,2.669171094894409
@babel_plugin-transform-exponentiation-operator,3.120929718017578
@babel_plugin-transform-exponentiation-operator,3.1205482482910156
p-finally,2.719226598739624
p-finally,2.769310712814331
minimist,2.719726085662842
minimist,2.7199723720550537
resolve,2.9691808223724365
resolve,2.8703224658966064
escape-html,2.669528007507324
escape-html,2.722175121307373
@babel_helper-create-regexp-features-plugin,3.3714237213134766
@babel_helper-create-regexp-features-plugin,3.4211511611938477
normalize-path,2.8190929889678955
normalize-path,2.669823408126831
fs.realpath,2.7695271968841553
fs.realpath,2.7203569412231445
pseudomap,2.669377326965332
pseudomap,2.7196409702301025
hoist-non-react-statics,2.920086145401001
hoist-non-react-statics,2.8704638481140137
@babel_highlight,3.2706899642944336
@babel_highlight,3.3705759048461914
toidentifier,2.819828748703003
toidentifier,2.7697553634643555
whatwg-url,2.870189666748047
whatwg-url,2.820734739303589
base64-js,2.7190120220184326
base64-js,2.819368600845337
dir-glob,2.7694320678710938
dir-glob,2.869370937347412
@jest_types,7.227782726287842
@jest_types,7.226177930831909
component-emitter,2.76908016204834
component-emitter,2.719363212585449
spdx-correct,2.919625759124756
spdx-correct,2.970592498779297
svgo,3.7213337421417236
svgo,3.6223580837249756
process-nextick-args,2.718923807144165
process-nextick-args,2.719855546951294
create-hmac,3.370725154876709
create-hmac,3.4713454246520996
is-callable,2.7697675228118896
is-callable,2.7697055339813232
globby,3.6212315559387207
globby,3.7238471508026123
@webassemblyjs_helper-buffer,2.770305633544922
@webassemblyjs_helper-buffer,2.7192578315734863
@webassemblyjs_ast,2.9702484607696533
@webassemblyjs_ast,2.8699913024902344
expand-brackets,4.922672986984253
expand-brackets,5.023069143295288
natural-compare,2.7194771766662598
natural-compare,2.719587564468384
merge2,2.719522714614868
merge2,2.7699522972106934
neo-async,2.7207374572753906
neo-async,2.719607353210449
normalize-url,2.719360113143921
normalize-url,2.7195944786071777
progress,2.7702136039733887
progress,2.7699692249298096
path-browserify,2.719533920288086
path-browserify,2.822984457015991
interpret,2.7703006267547607
interpret,2.7199435234069824
@szmarczak_http-timer,2.769925832748413
@szmarczak_http-timer,2.7701971530914307
browserify-aes,3.4709558486938477
browserify-aes,3.4709818363189697
xtend,2.769449472427368
xtend,2.719460964202881
constants-browserify,2.719376802444458
constants-browserify,2.769887685775757
sisteransi,2.6697587966918945
sisteransi,2.720189094543457
strip-json-comments,2.7196133136749268
strip-json-comments,2.7696781158447266
postcss-modules-values,2.7695069313049316
postcss-modules-values,2.819600820541382
worker-farm,2.8694264888763428
worker-farm,2.820535182952881
string_decoder,2.7700135707855225
string_decoder,2.720174789428711
@nodelib_fs.scandir,2.820028066635132
@nodelib_fs.scandir,2.8218321800231934
detect-node,2.719721555709839
detect-node,2.6699583530426025
is-buffer,2.719510555267334
is-buffer,2.7722158432006836
object-is,2.9236199855804443
object-is,2.969785213470459
type-check,2.7697179317474365
type-check,2.8197293281555176
parallel-transform,3.67071795463562
parallel-transform,3.62093186378479
pkg-up,2.9703586101531982
pkg-up,2.9197757244110107
moment,2.820486307144165
moment,2.7196590900421143
array-uniq,2.7215657234191895
array-uniq,2.7192540168762207
@babel_plugin-transform-destructuring,2.8204362392425537
@babel_plugin-transform-destructuring,2.7699806690216064
randombytes,2.8205795288085938
randombytes,2.7703962326049805
is-binary-path,2.8198773860931396
is-binary-path,2.819953203201294
ajv-keywords,2.8702504634857178
ajv-keywords,2.9202935695648193
json5,2.8193328380584717
json5,2.7698311805725098
@webassemblyjs_wasm-edit,3.320080518722534
@webassemblyjs_wasm-edit,3.3705780506134033
object.assign,3.0708303451538086
object.assign,3.0205681324005127
use,2.7694623470306396
use,2.719374895095825
cipher-base,2.870130777359009
cipher-base,2.8192813396453857
locate-path,2.821587324142456
locate-path,2.769864559173584
verror,2.920652151107788
verror,2.919816017150879
@webassemblyjs_helper-wasm-bytecode,2.7192561626434326
@webassemblyjs_helper-wasm-bytecode,2.7201106548309326
@babel_plugin-proposal-class-properties,6.075541973114014
@babel_plugin-proposal-class-properties,6.026162385940552
@babel_plugin-transform-property-literals,2.8192334175109863
@babel_plugin-transform-property-literals,2.7699296474456787
astral-regex,2.7203540802001953
astral-regex,2.719940423965454
@babel_helper-skip-transparent-expression-wrappers,2.9198052883148193
@babel_helper-skip-transparent-expression-wrappers,2.920267343521118
decimal.js,2.7693331241607666
decimal.js,2.7190918922424316
bcrypt-pbkdf,2.819258213043213
bcrypt-pbkdf,2.8194520473480225
util-deprecate,2.7196528911590576
util-deprecate,2.6699109077453613
psl,2.7698450088500977
psl,2.7195942401885986
pinkie-promise,2.7692794799804688
pinkie-promise,2.8189926147460938
type-detect,2.8205111026763916
type-detect,2.720350980758667
enquirer,2.820223331451416
enquirer,2.7693638801574707
portfinder,3.220951795578003
portfinder,3.371002674102783
remove-trailing-separator,2.7193875312805176
remove-trailing-separator,2.7197680473327637
browser-process-hrtime,2.7195985317230225
browser-process-hrtime,2.719683885574341
negotiator,2.6692562103271484
negotiator,2.6715869903564453
w3c-xmlserializer,2.7695891857147217
w3c-xmlserializer,2.7702853679656982
@webassemblyjs_helper-module-context,3.0697054862976074
@webassemblyjs_helper-module-context,3.070122003555298
camel-case,2.8695883750915527
camel-case,2.919618606567383
is-extendable,2.819488286972046
is-extendable,2.7698442935943604
brorand,2.66916561126709
brorand,2.7199552059173584
debug,2.769423007965088
debug,2.769679069519043
upath,2.669513463973999
upath,2.7198054790496826
concat-map,2.7193286418914795
concat-map,2.820791482925415
commondir,2.7193729877471924
commondir,2.719632148742676
@babel_plugin-syntax-numeric-separator,2.920234441757202
@babel_plugin-syntax-numeric-separator,2.8195648193359375
@babel_helper-explode-assignable-expression,2.919482946395874
@babel_helper-explode-assignable-expression,2.8701870441436768
regex-not,2.920013666152954
regex-not,2.9198787212371826
estraverse,2.7192931175231934
estraverse,2.7708683013916016
@istanbuljs_schema,2.7192838191986084
@istanbuljs_schema,2.769745349884033
har-validator,3.1198906898498535
har-validator,3.1203596591949463
is-extglob,2.7196240425109863
is-extglob,2.7694880962371826
global-modules,2.869542360305786
global-modules,2.8698065280914307
oauth-sign,2.7190492153167725
oauth-sign,2.7195658683776855
@babel_helper-get-function-arity,2.919675588607788
@babel_helper-get-function-arity,2.9200127124786377
yocto-queue,2.7697291374206543
yocto-queue,2.7196736335754395
mixin-deep,2.7197952270507812
mixin-deep,2.719555377960205
rimraf,3.320521354675293
rimraf,3.3203752040863037
@babel_plugin-proposal-nullish-coalescing-operator,2.8197789192199707
@babel_plugin-proposal-nullish-coalescing-operator,2.8702189922332764
snapdragon-node,2.719148635864258
snapdragon-node,2.719121217727661
yallist,2.720003366470337
yallist,2.770763635635376
@babel_plugin-transform-spread,3.020158290863037
@babel_plugin-transform-spread,3.0702595710754395
regenerate,2.7692625522613525
regenerate,2.7194743156433105
prop-types,3.0199620723724365
prop-types,3.0701541900634766
postcss-selector-parser,2.8197386264801025
postcss-selector-parser,2.7699215412139893
pkg-dir,2.9199342727661133
pkg-dir,2.9200503826141357
whatwg-mimetype,2.6689748764038086
whatwg-mimetype,2.7196218967437744
terser-webpack-plugin,11.082877159118652
terser-webpack-plugin,10.731872081756592
html-escaper,2.719688892364502
html-escaper,2.719820737838745
istanbul-lib-report,3.020132064819336
istanbul-lib-report,2.920379161834717
is-stream,2.7194809913635254
is-stream,2.719834804534912
simple-swizzle,2.7697370052337646
simple-swizzle,2.7696192264556885
memory-fs,12.934863567352295
memory-fs,11.883519649505615
jest-changed-files,10.732014179229736
jest-changed-files,36.971717834472656
delegates,2.669339656829834
delegates,2.669199228286743
webidl-conversions,2.719564437866211
webidl-conversions,2.769824981689453
async-each,2.719592809677124
async-each,2.770383358001709
console-browserify,2.722064256668091
console-browserify,2.669534683227539
from2,13.887230396270752
from2,11.783221006393433
vm-browserify,2.8207666873931885
vm-browserify,2.7696728706359863
range-parser,2.7201790809631348
range-parser,2.7199366092681885
browserify-sign,7.927273988723755
browserify-sign,8.127743005752563
browserify-des,2.969827175140381
browserify-des,2.9202890396118164
jest-matcher-utils,11.433229684829712
jest-matcher-utils,10.180930852890015
capture-exit,2.9221460819244385
capture-exit,2.8197357654571533
get-caller-file,2.719144582748413
get-caller-file,2.721142053604126
import-from,2.7200798988342285
import-from,2.719175100326538
normalize-range,2.718588352203369
normalize-range,2.7198429107666016
unicode-property-aliases-ecmascript,2.7196450233459473
unicode-property-aliases-ecmascript,2.71927547454834
miller-rabin,2.9212841987609863
miller-rabin,2.9199743270874023
bytes,2.718700408935547
bytes,2.7190349102020264
axios,2.8691906929016113
axios,2.8190526962280273
browserify-zlib,2.8690218925476074
browserify-zlib,2.819228172302246
arr-union,2.7689881324768066
arr-union,2.7205028533935547
ansi-styles,2.820101022720337
ansi-styles,2.719982624053955
string.prototype.trimstart,3.019792079925537
string.prototype.trimstart,3.069808006286621
domhandler,2.8694300651550293
domhandler,2.7697250843048096
@babel_plugin-syntax-json-strings,2.8211562633514404
@babel_plugin-syntax-json-strings,2.8693222999572754
unicode-match-property-ecmascript,2.869584798812866
unicode-match-property-ecmascript,2.769303560256958
@webassemblyjs_wast-parser,3.1197431087493896
@webassemblyjs_wast-parser,3.120884418487549
normalize-package-data,3.6707637310028076
normalize-package-data,3.573613166809082
minizlib,2.9699087142944336
minizlib,2.869349241256714
object-assign,2.8190226554870605
object-assign,2.6692121028900146
glob,3.1217002868652344
glob,3.119929552078247
trim-newlines,2.719010591506958
trim-newlines,2.719449281692505
map-visit,2.820500373840332
map-visit,2.872239589691162
run-queue,2.869751214981079
run-queue,2.8707497119903564
saxes,2.77003812789917
saxes,2.8194222450256348
hash-base,3.019495964050293
hash-base,2.969459056854248
content-disposition,2.7687551975250244
content-disposition,2.769273042678833
object-keys,2.8195996284484863
object-keys,2.7190277576446533
symbol-tree,2.71879243850708
symbol-tree,2.719306230545044
@babel_plugin-transform-regenerator,3.369861364364624
@babel_plugin-transform-regenerator,3.370328426361084
cookie,2.7187535762786865
cookie,2.6692657470703125
@babel_plugin-transform-block-scoping,2.7200605869293213
@babel_plugin-transform-block-scoping,2.7705399990081787
@sinonjs_commons,2.720125675201416
@sinonjs_commons,2.7203171253204346
compression,3.270059823989868
compression,3.2717039585113525
deep-is,2.769446849822998
deep-is,2.7195792198181152
@jest_console,82.98910617828369
@jest_console,93.36451864242554
json-stringify-safe,2.7191553115844727
json-stringify-safe,2.7195541858673096
@babel_plugin-syntax-object-rest-spread,2.7693655490875244
@babel_plugin-syntax-object-rest-spread,2.7696139812469482
core-js-compat,3.971384048461914
core-js-compat,3.923389196395874
mime-types,2.869577407836914
mime-types,2.8701839447021484
buffer-crc32,2.7197093963623047
buffer-crc32,2.7202627658843994
tsutils,2.8705341815948486
tsutils,2.8196327686309814
internal-slot,3.0202367305755615
internal-slot,3.120375871658325
binary-extensions,2.7696380615234375
binary-extensions,2.769404172897339
promise,2.8697285652160645
promise,2.7708230018615723
iferr,2.7197105884552
iferr,2.7699966430664062
http-proxy-agent,2.9701240062713623
http-proxy-agent,3.170372247695923
clone-response,2.819512128829956
clone-response,2.8195254802703857
kind-of,2.769599676132202
kind-of,2.7192564010620117
is-obj,2.7701523303985596
is-obj,2.6704089641571045
bn.js,2.670344114303589
bn.js,2.720085382461548
type,2.770495653152466
type,2.720261573791504
shell-quote,2.670924425125122
shell-quote,2.72078275680542
unique-filename,2.770275115966797
unique-filename,2.7708160877227783
object.entries,4.172906160354614
object.entries,4.273547649383545
asn1.js,2.920793294906616
asn1.js,2.920748233795166
write-file-atomic,2.9196958541870117
write-file-atomic,2.87202525138855
is-ci,2.8703320026397705
is-ci,2.870511531829834
got,9.983995199203491
got,10.03374981880188
js-yaml,2.8203980922698975
js-yaml,2.7705273628234863
jest-leak-detector,9.882452249526978
jest-leak-detector,9.630292892456055
once,2.8698596954345703
once,2.770393133163452
path-exists,2.7195467948913574
path-exists,2.722193956375122
os-locale,2.820826530456543
os-locale,2.8196065425872803
ws,2.81998872756958
ws,2.7197225093841553
through,2.7208802700042725
through,2.7224175930023193
is-bigint,2.870755672454834
is-bigint,2.770761251449585
semver,2.819538116455078
semver,2.9199886322021484
slice-ansi,2.819553852081299
slice-ansi,2.8195090293884277
browserslist,3.2696688175201416
browserslist,3.371196746826172
form-data,3.1735827922821045
form-data,3.170065402984619
chrome-trace-event,2.7191693782806396
chrome-trace-event,2.7697207927703857
decode-uri-component,2.76952862739563
decode-uri-component,2.719536781311035
cliui,3.170015811920166
cliui,3.1702182292938232
domutils,3.07022762298584
domutils,3.069807291030884
fragment-cache,2.8192052841186523
fragment-cache,2.8199706077575684
jsprim,2.922212839126587
jsprim,2.9209818840026855
is-windows,2.668992280960083
is-windows,2.769880533218384
@babel_plugin-syntax-top-level-await,2.8696327209472656
@babel_plugin-syntax-top-level-await,2.7699813842773438
@sindresorhus_is,2.669492721557617
@sindresorhus_is,2.6688480377197266
regexp.prototype.flags,2.9694368839263916
regexp.prototype.flags,2.9700357913970947
http-proxy,4.0723631381988525
http-proxy,4.171665668487549
clean-css,2.8207294940948486
clean-css,2.81998610496521
nwsapi,2.669494152069092
nwsapi,2.669212818145752
ansi-escapes,2.91998028755188
ansi-escapes,2.8696236610412598
strict-uri-encode,2.719287395477295
strict-uri-encode,2.7198002338409424
schema-utils,3.119863271713257
schema-utils,3.1201536655426025
fill-range,2.771496057510376
fill-range,2.819436550140381
fastq,2.76982045173645
fastq,2.7693521976470947
safe-buffer,2.7212798595428467
safe-buffer,2.7192206382751465
restore-cursor,2.820272922515869
restore-cursor,2.8202106952667236
extend-shallow,2.870732069015503
extend-shallow,2.8200953006744385
concat-stream,3.0205183029174805
concat-stream,3.0703108310699463
sprintf-js,2.7197344303131104
sprintf-js,2.7195088863372803
terser,2.9706308841705322
terser,2.920797109603882
jest-pnp-resolver,2.7195985317230225
jest-pnp-resolver,2.7196743488311768
is-glob,2.7702572345733643
is-glob,2.770040512084961
es-to-primitive,2.9194345474243164
es-to-primitive,2.9197661876678467
optionator,2.9218504428863525
optionator,2.9707863330841064
ee-first,2.819434642791748
ee-first,2.7195723056793213
uri-js,2.870483875274658
uri-js,2.8199799060821533
@babel_runtime,2.819688558578491
@babel_runtime,2.819697380065918
postcss,2.869724988937378
postcss,2.920375347137451
domain-browser,2.668970823287964
domain-browser,2.669480800628662
aws4,2.7194433212280273
aws4,2.719715118408203
call-bind,2.9198997020721436
call-bind,3.0208005905151367
encodeurl,2.719879150390625
encodeurl,2.6698763370513916
snapdragon-util,2.7696492671966553
snapdragon-util,2.8226006031036377
has-unicode,2.6693522930145264
has-unicode,2.7197036743164062
@babel_helper-simple-access,2.870683193206787
@babel_helper-simple-access,2.920307159423828
stream-browserify,2.9705305099487305
stream-browserify,2.9711105823516846
cli-boxes,2.669504404067993
cli-boxes,2.7198004722595215
anymatch,2.8694679737091064
anymatch,2.8698582649230957
@babel_plugin-transform-duplicate-keys,2.7702395915985107
@babel_plugin-transform-duplicate-keys,2.7700297832489014
is-core-module,2.7695698738098145
is-core-module,2.770143985748291
@babel_plugin-transform-block-scoped-functions,2.7695298194885254
@babel_plugin-transform-block-scoped-functions,2.7701499462127686
parent-module,2.7696750164031982
parent-module,2.769839286804199
@babel_plugin-transform-arrow-functions,2.7695436477661133
@babel_plugin-transform-arrow-functions,2.769864797592163
is-absolute-url,2.719719171524048
is-absolute-url,2.719813823699951
decompress-response,2.76963472366333
decompress-response,2.7699294090270996
code-point-at,2.7195119857788086
code-point-at,2.671910524368286
@babel_plugin-proposal-logical-assignment-operators,2.8201236724853516
@babel_plugin-proposal-logical-assignment-operators,2.8200953006744385
convert-source-map,2.719524621963501
convert-source-map,2.770129680633545
mute-stream,2.669856071472168
mute-stream,2.7201600074768066
@babel_plugin-syntax-optional-chaining,2.8199775218963623
@babel_plugin-syntax-optional-chaining,2.7693707942962646
assign-symbols,2.719125509262085
assign-symbols,2.669114351272583
duplexer,2.6694071292877197
duplexer,2.7194156646728516
globals,2.7691433429718018
globals,2.8197169303894043
lru-cache,2.769075393676758
lru-cache,2.770399570465088
get-value,2.7689876556396484
get-value,2.821207284927368
url,2.869502544403076
url,2.8193483352661133
isexe,2.72023606300354
isexe,2.719611644744873
define-properties,2.820249080657959
define-properties,2.769749164581299
@babel_plugin-proposal-numeric-separator,2.8696112632751465
@babel_plugin-proposal-numeric-separator,2.872361660003662
lodash,2.721630811691284
lodash,2.669198751449585
icss-utils,2.7191460132598877
icss-utils,2.670024871826172
abbrev,2.7195913791656494
abbrev,2.7192909717559814
tough-cookie,2.8699557781219482
tough-cookie,2.8703677654266357
@babel_helper-annotate-as-pure,2.9195735454559326
@babel_helper-annotate-as-pure,2.9199721813201904
pumpify,3.2203333377838135
pumpify,3.2701432704925537
pbkdf2,3.521033763885498
pbkdf2,3.5214290618896484
@babel_helper-define-polyfill-provider,33.06564712524414
@babel_helper-define-polyfill-provider,40.92568039894104
destroy,2.7189583778381348
destroy,2.719329833984375
jest-resolve,254.16735744476318
jest-resolve,210.78593707084656
color,2.8698506355285645
color,2.919889450073242
object-copy,3.170480489730835
object-copy,3.270496129989624
source-map-url,2.7696189880371094
source-map-url,2.7194948196411133
through2,3.1203606128692627
through2,3.1203649044036865
path-is-inside,2.719496250152588
path-is-inside,2.7197084426879883
proxy-addr,2.869779586791992
proxy-addr,2.8696024417877197
next-tick,2.719536304473877
next-tick,2.71932315826416
meow,7.526232004165649
meow,5.925060987472534
create-hash,3.2704925537109375
create-hash,3.170158624649048
iconv-lite,2.7692863941192627
iconv-lite,2.769629955291748
validate-npm-package-license,2.97176456451416
validate-npm-package-license,2.9197890758514404
caseless,2.7201950550079346
caseless,2.7696115970611572
chownr,2.819425106048584
chownr,2.6701760292053223
escalade,2.719350576400757
escalade,2.7194037437438965
typescript,2.71921968460083
typescript,2.720045804977417
define-property,2.9703307151794434
define-property,2.9219672679901123
nan,2.719101905822754
nan,2.7207822799682617
@babel_plugin-transform-function-name,3.8216168880462646
@babel_plugin-transform-function-name,3.822197675704956
to-fast-properties,2.7200405597686768
to-fast-properties,2.7190732955932617
esprima,2.8189077377319336
esprima,2.719036102294922
abab,2.7188527584075928
abab,2.719774007797241
@babel_generator,3.019749879837036
@babel_generator,3.0201563835144043
flatted,2.720362901687622
flatted,2.7205874919891357
dom-serializer,2.919766664505005
dom-serializer,2.970435619354248
hosted-git-info,2.8192319869995117
hosted-git-info,2.8194851875305176
extglob,5.1227641105651855
extglob,5.173202991485596
babel-loader,3.921224355697632
babel-loader,3.9221677780151367
http-errors,2.8696436882019043
http-errors,2.8702547550201416
balanced-match,2.7198684215545654
balanced-match,2.6699447631835938
ipaddr.js,2.7698068618774414
ipaddr.js,2.7201104164123535
sshpk,3.1705520153045654
sshpk,3.2201733589172363
@nodelib_fs.stat,2.719938278198242
@nodelib_fs.stat,2.7193567752838135
@babel_plugin-proposal-optional-chaining,3.0202887058258057
@babel_plugin-proposal-optional-chaining,3.0197205543518066
methods,2.770193338394165
methods,2.7700207233428955
send,3.271362066268921
send,3.271226167678833
eventemitter3,2.7700421810150146
eventemitter3,2.719162702560425
diff-sequences,2.6688432693481445
diff-sequences,2.719057321548462
stream-shift,2.719409227371216
stream-shift,2.719832420349121
extsprintf,2.7193429470062256
extsprintf,2.722212553024292
espree,2.819929599761963
espree,2.8701846599578857
xmlchars,2.7221591472625732
xmlchars,2.769955635070801
jest-message-util,54.203253984451294
jest-message-util,71.13449263572693
nopt,2.8206350803375244
nopt,2.7699129581451416
@babel_plugin-transform-object-super,5.122817754745483
@babel_plugin-transform-object-super,5.123763561248779
@babel_plugin-transform-unicode-escapes,2.8696742057800293
@babel_plugin-transform-unicode-escapes,2.769699811935425
csso,2.919416904449463
csso,2.9701857566833496
xmlbuilder,2.8197433948516846
xmlbuilder,2.7698166370391846
parse5,2.769623279571533
parse5,2.6698288917541504
p-map,2.9706664085388184
p-map,2.9199411869049072
eslint-scope,2.869783639907837
eslint-scope,2.8198981285095215
caniuse-lite,2.7198550701141357
caniuse-lite,2.719752550125122
unique-string,2.9708845615386963
unique-string,2.870697498321533
punycode,2.7197978496551514
punycode,2.720247268676758
@webassemblyjs_wast-printer,2.9200680255889893
@webassemblyjs_wast-printer,2.9700570106506348
@babel_helper-validator-identifier,2.719722032546997
@babel_helper-validator-identifier,2.7199270725250244
cross-spawn,2.920833110809326
cross-spawn,2.9201130867004395
query-string,2.9694809913635254
query-string,2.970322370529175
pump,2.921510696411133
pump,2.919968605041504
detect-newline,2.769134283065796
detect-newline,2.720799446105957
html-encoding-sniffer,2.86944580078125
html-encoding-sniffer,2.8699967861175537
@webassemblyjs_wasm-parser,3.0697903633117676
@webassemblyjs_wasm-parser,3.0701558589935303
@babel_plugin-transform-classes,4.2221198081970215
@babel_plugin-transform-classes,4.271950960159302
is-fullwidth-code-point,2.7190685272216797
is-fullwidth-code-point,2.7698075771331787
is-typedarray,2.769178867340088
is-typedarray,2.7192792892456055
fb-watchman,2.8191914558410645
fb-watchman,2.7702414989471436
merge-descriptors,2.7192392349243164
merge-descriptors,2.7211661338806152
@babel_plugin-transform-reserved-words,2.769447088241577
@babel_plugin-transform-reserved-words,2.869788408279419
minimalistic-crypto-utils,2.7200613021850586
minimalistic-crypto-utils,2.6693825721740723
inflight,2.8692755699157715
inflight,2.8193273544311523
bser,2.769230604171753
bser,2.7691643238067627
mississippi,28.210739374160767
mississippi,31.063520908355713
colors,2.7215139865875244
colors,2.7704219818115234
@babel_plugin-proposal-optional-catch-binding,2.9227895736694336
@babel_plugin-proposal-optional-catch-binding,2.8695335388183594
supports-hyperlinks,2.8214659690856934
supports-hyperlinks,2.9698078632354736
@webassemblyjs_helper-fsm,2.7231152057647705
@webassemblyjs_helper-fsm,2.7225403785705566
@babel_plugin-syntax-dynamic-import,2.7698817253112793
@babel_plugin-syntax-dynamic-import,2.7698490619659424
@babel_plugin-proposal-object-rest-spread,4.972862958908081
@babel_plugin-proposal-object-rest-spread,5.0747010707855225
chokidar,3.170273542404175
chokidar,3.220189094543457
@babel_helper-optimise-call-expression,2.9203691482543945
@babel_helper-optimise-call-expression,2.9205245971679688
mimic-fn,2.7196733951568604
mimic-fn,2.719616651535034
chalk,2.919590473175049
chalk,3.020346164703369
shebang-command,2.9192819595336914
shebang-command,2.869706869125366
@babel_plugin-syntax-logical-assignment-operators,2.8196957111358643
@babel_plugin-syntax-logical-assignment-operators,2.8693909645080566
callsites,2.7201480865478516
callsites,2.770251750946045
@babel_plugin-syntax-nullish-coalescing-operator,2.8203134536743164
@babel_plugin-syntax-nullish-coalescing-operator,2.8203952312469482
throat,2.7201592922210693
throat,2.719484806060791
type-is,2.9707915782928467
type-is,3.0194175243377686
array-flatten,2.720501661300659
array-flatten,2.7199182510375977
querystring-es3,2.8194210529327393
querystring-es3,2.7201569080352783
duplexer3,2.719961643218994
duplexer3,2.7215843200683594
websocket-driver,2.8705267906188965
websocket-driver,2.9201648235321045
css-what,2.8693294525146484
css-what,2.7197132110595703
strip-bom,2.7220072746276855
strip-bom,2.870325803756714
p-each-series,2.769839286804199
p-each-series,2.722111463546753
is-regex,3.0200612545013428
is-regex,2.970310688018799
source-list-map,2.7197954654693604
source-list-map,2.7202906608581543
@babel_plugin-transform-shorthand-properties,2.819645643234253
@babel_plugin-transform-shorthand-properties,2.7691404819488525
camelcase,2.7193892002105713
camelcase,2.7199089527130127
cssom,2.669004440307617
cssom,2.769469738006592
babel-plugin-jest-hoist,26.104015111923218
babel-plugin-jest-hoist,28.81224489212036
dotenv,2.7193806171417236
dotenv,2.719813823699951
mime,2.7196848392486572
mime,2.7216579914093018
is-path-cwd,2.7695884704589844
is-path-cwd,2.7193965911865234
aws-sign2,2.7193145751953125
aws-sign2,2.719346761703491
@babel_plugin-transform-typeof-symbol,2.769371747970581
@babel_plugin-transform-typeof-symbol,2.8696742057800293
deepmerge,2.719221591949463
deepmerge,2.7195284366607666
webpack-dev-middleware,3.4210410118103027
webpack-dev-middleware,3.420586347579956
ms,2.7216975688934326
ms,2.7701845169067383
finalhandler,2.9701883792877197
finalhandler,2.972188949584961
postcss-modules-extract-imports,2.719928741455078
postcss-modules-extract-imports,2.672213554382324
fresh,2.719686269760132
fresh,2.6722824573516846
copy-descriptor,2.769878387451172
copy-descriptor,2.720111608505249
shellwords,2.769439935684204
shellwords,2.769631862640381
require-directory,2.719878911972046
require-directory,2.669922351837158
cli-width,2.718984603881836
cli-width,2.6691946983337402
jest-docblock,2.7690703868865967
jest-docblock,2.7690608501434326
is-data-descriptor,2.719095230102539
is-data-descriptor,2.7700014114379883
sha.js,2.819221019744873
sha.js,2.8701388835906982
color-name,2.7199718952178955
color-name,2.7202534675598145
json-schema,2.7198288440704346
json-schema,2.6696979999542236
uuid,2.719799041748047
uuid,2.6693787574768066
eslint-visitor-keys,2.769498109817505
eslint-visitor-keys,2.719391345977783
@babel_preset-react,3.320007801055908
@babel_preset-react,3.322913408279419
json-stable-stringify-without-jsonify,2.7218899726867676
json-stable-stringify-without-jsonify,2.7192604541778564
unique-slug,2.8205056190490723
unique-slug,2.769465684890747
electron-to-chromium,2.6692187786102295
electron-to-chromium,2.6690964698791504
human-signals,2.7695252895355225
human-signals,2.7202296257019043
mime-db,2.8196847438812256
mime-db,2.768834352493286
@webassemblyjs_ieee754,2.769078016281128
@webassemblyjs_ieee754,2.719914197921753
retry,2.769791603088379
retry,2.6691339015960693
rxjs,2.769301414489746
rxjs,2.819936513900757
ini,2.769317865371704
ini,2.7193708419799805
@babel_helper-module-imports,2.9195609092712402
@babel_helper-module-imports,2.969834327697754
@webassemblyjs_floating-point-hex-parser,2.620820999145508
@webassemblyjs_floating-point-hex-parser,2.6197943687438965
css-select,3.170482635498047
css-select,3.2207858562469482
cssstyle,2.8700342178344727
cssstyle,2.8203253746032715
forever-agent,2.7219390869140625
forever-agent,2.7200469970703125
is-generator-fn,2.719712495803833
is-generator-fn,2.6696345806121826
wordwrap,2.6703531742095947
wordwrap,2.670891284942627
typedarray-to-buffer,2.721161127090454
typedarray-to-buffer,2.7205991744995117
figgy-pudding,2.669240951538086
figgy-pudding,2.721928358078003
@babel_plugin-proposal-unicode-property-regex,3.4223203659057617
@babel_plugin-proposal-unicode-property-regex,3.5709545612335205
@webassemblyjs_wasm-gen,3.0704281330108643
@webassemblyjs_wasm-gen,3.020094156265259
os-tmpdir,2.670313596725464
os-tmpdir,2.769674777984619
is-docker,2.6694819927215576
is-docker,2.7204978466033936
@babel_plugin-transform-modules-systemjs,9.379109382629395
@babel_plugin-transform-modules-systemjs,9.180293321609497
pify,2.719418525695801
pify,2.8694040775299072
builtin-status-codes,2.7192764282226562
builtin-status-codes,2.7202630043029785
mimic-response,2.7197489738464355
mimic-response,2.7201197147369385
requires-port,2.769779920578003
requires-port,2.7194340229034424
ignore,2.719642400741577
ignore,2.7713606357574463
@nodelib_fs.walk,3.0210444927215576
@nodelib_fs.walk,3.0205039978027344
is-arrayish,2.7194631099700928
is-arrayish,2.7195940017700195
w3c-hr-time,2.770895481109619
w3c-hr-time,2.7702043056488037
tmpl,2.7188563346862793
tmpl,2.6692681312561035
has-value,2.9193191528320312
has-value,2.8694519996643066
errno,2.7691192626953125
errno,2.7692558765411377
http-proxy-middleware,11.33241891860962
http-proxy-middleware,8.379156112670898
is-boolean-object,2.9222023487091064
is-boolean-object,2.919606924057007
spdx-license-ids,2.720532178878784
spdx-license-ids,2.7200677394866943
path-dirname,2.6700291633605957
path-dirname,2.669711112976074
is-descriptor,2.7199482917785645
is-descriptor,2.66914701461792
json-parse-even-better-errors,2.6690945625305176
json-parse-even-better-errors,2.719529867172241
spdx-expression-parse,2.820054054260254
spdx-expression-parse,2.8218250274658203
are-we-there-yet,2.92020320892334
are-we-there-yet,3.0702619552612305
cyclist,2.71909499168396
cyclist,2.769505739212036
istanbul-lib-coverage,2.7195518016815186
istanbul-lib-coverage,2.6693103313446045
