del,1.3666086196899414
del,1.317495584487915
ripemd160,0.6660778522491455
ripemd160,0.6662783622741699
parse-json,1.1170527935028076
parse-json,1.0669357776641846
p-timeout,1.0669975280761719
p-timeout,1.2172729969024658
external-editor,0.5662016868591309
external-editor,0.5663836002349854
object.values,3.1709136962890625
object.values,0.8667550086975098
path-to-regexp,5.925488710403442
path-to-regexp,1.3675742149353027
extend,2.8700356483459473
extend,0.8172848224639893
@webassemblyjs_leb128,0.5160529613494873
@webassemblyjs_leb128,0.4660813808441162
spdx-exceptions,0.4660921096801758
spdx-exceptions,0.46613502502441406
@babel_plugin-transform-sticky-regex,0.8665838241577148
@babel_plugin-transform-sticky-regex,0.5663390159606934
istanbul-lib-source-maps,1.9183762073516846
istanbul-lib-source-maps,0.7165932655334473
utils-merge,0.7163803577423096
utils-merge,0.5162456035614014
public-encrypt,2.368795394897461
public-encrypt,0.7662174701690674
posix-character-classes,1.4173858165740967
posix-character-classes,0.666356086730957
randomfill,5.573429107666016
randomfill,1.3674347400665283
object.pick,1.5176706314086914
object.pick,0.6667797565460205
@babel_helper-module-transforms,0.8662841320037842
@babel_helper-module-transforms,0.5157043933868408
@babel_plugin-syntax-export-namespace-from,0.8161978721618652
@babel_plugin-syntax-export-namespace-from,0.5658047199249268
object-visit,3.1697628498077393
object-visit,0.9166638851165771
regjsgen,1.717850685119629
regjsgen,0.7165319919586182
widest-line,4.672839879989624
widest-line,1.1671762466430664
getpass,0.5162656307220459
getpass,0.5160801410675049
loader-utils,4.422206163406372
loader-utils,1.2673463821411133
jest-each,0.7666149139404297
jest-each,0.51625657081604
union-value,1.2672080993652344
union-value,0.6664681434631348
css-loader,6.225705862045288
css-loader,1.6679267883300781
json-schema-traverse,1.9685096740722656
json-schema-traverse,0.7667813301086426
path-type,4.174421072006226
path-type,1.1671769618988037
htmlparser2,2.819801092147827
htmlparser2,0.9169528484344482
opn,3.9209725856781006
opn,1.1173205375671387
lodash.isplainobject,0.4656686782836914
lodash.isplainobject,0.46591925621032715
dot-prop,5.073349952697754
dot-prop,1.3675744533538818
lowercase-keys,4.023970127105713
lowercase-keys,1.0671582221984863
quick-lru,4.122941970825195
quick-lru,1.2172861099243164
read-pkg,3.7210590839385986
read-pkg,1.0672311782836914
acorn-jsx,0.5157487392425537
acorn-jsx,0.5157134532928467
es-abstract,3.420886516571045
es-abstract,0.9669430255889893
universalify,2.619684934616089
universalify,0.9169788360595703
domexception,1.9180102348327637
domexception,0.7164602279663086
entities,2.9204013347625732
entities,0.9163644313812256
@babel_plugin-syntax-jsx,0.816035270690918
@babel_plugin-syntax-jsx,0.5658040046691895
nanomatch,2.7697582244873047
nanomatch,0.8167738914489746
resolve-url,1.618194580078125
resolve-url,0.6664695739746094
asynckit,4.324799060821533
asynckit,1.0671849250793457
jest-get-type,0.46564245223999023
jest-get-type,0.4657583236694336
assert,4.773355960845947
assert,1.217022180557251
to-arraybuffer,3.8209500312805176
to-arraybuffer,1.1169521808624268
lodash.clonedeep,0.4655733108520508
lodash.clonedeep,0.4658634662628174
whatwg-encoding,1.4173753261566162
whatwg-encoding,0.6660218238830566
typedarray,0.5658082962036133
typedarray,0.5158064365386963
nth-check,2.8195230960845947
nth-check,0.8664920330047607
pretty-format,0.8670992851257324
pretty-format,0.5657815933227539
@babel_plugin-transform-dotall-regex,1.4170565605163574
@babel_plugin-transform-dotall-regex,0.6166932582855225
get-intrinsic,2.7197699546813965
get-intrinsic,0.866506814956665
media-typer,2.4188332557678223
media-typer,0.8164896965026855
core-js,0.46578001976013184
core-js,0.4658541679382324
css,1.1168715953826904
css,0.6161489486694336
jwa,1.4676663875579834
jwa,0.6662461757659912
lodash.debounce,0.4656682014465332
lodash.debounce,0.4657166004180908
get-stdin,4.171200752258301
get-stdin,1.1168980598449707
prompts,1.9185922145843506
prompts,0.7662861347198486
run-parallel,4.272677183151245
run-parallel,1.2170734405517578
cosmiconfig,5.473886251449585
cosmiconfig,1.4698796272277832
faye-websocket,0.6163995265960693
faye-websocket,0.5163030624389648
postcss-modules-local-by-default,3.7711527347564697
postcss-modules-local-by-default,1.0701165199279785
statuses,2.419785499572754
statuses,0.8670177459716797
raw-body,2.2189271450042725
raw-body,0.8165266513824463
aproba,2.6692402362823486
aproba,0.8665037155151367
@babel_plugin-syntax-class-properties,0.7664685249328613
@babel_plugin-syntax-class-properties,0.5662810802459717
dashdash,2.419719696044922
dashdash,0.8163473606109619
inquirer,2.669647455215454
inquirer,0.76664137840271
es5-ext,2.6692662239074707
es5-ext,0.7666513919830322
has-flag,4.1729395389556885
has-flag,1.1673455238342285
@babel_helper-replace-supers,0.8163974285125732
@babel_helper-replace-supers,0.5665392875671387
cssesc,3.120091199874878
cssesc,0.917034387588501
@babel_core,1.3174858093261719
@babel_core,0.6162674427032471
babel-preset-jest,1.016909122467041
babel-preset-jest,0.5663273334503174
watchpack,1.7179632186889648
watchpack,0.716839075088501
yargs-parser,4.321572542190552
yargs-parser,1.2677319049835205
q,2.6199135780334473
q,0.7668530941009521
snapdragon,5.1734349727630615
snapdragon,1.217175006866455
atob,0.4656548500061035
atob,0.46596193313598633
node-modules-regexp,3.2205379009246826
node-modules-regexp,0.9165685176849365
is-directory,1.2668743133544922
is-directory,0.6159396171569824
har-schema,3.319918155670166
har-schema,1.016953945159912
lodash.merge,0.4657094478607178
lodash.merge,0.4659907817840576
yargs,3.7216734886169434
yargs,1.0698223114013672
is-promise,0.46587562561035156
is-promise,0.46579694747924805
css-tree,2.3696513175964355
css-tree,0.8163981437683105
is-date-object,2.3689398765563965
is-date-object,0.8166728019714355
@babel_plugin-transform-literals,0.8667795658111572
@babel_plugin-transform-literals,0.566309928894043
minimalistic-assert,0.4670412540435791
minimalistic-assert,0.5161163806915283
repeat-string,2.1692259311676025
repeat-string,0.7691371440887451
uglify-js,0.5167815685272217
uglify-js,0.4657597541809082
buffer,4.321565866470337
buffer,1.167069911956787
type-fest,2.870103120803833
type-fest,0.9673793315887451
sane,1.8179714679718018
sane,0.7168135643005371
lodash.memoize,0.5158915519714355
lodash.memoize,0.4658854007720947
duplexify,0.9669873714447021
duplexify,0.5659990310668945
escape-string-regexp,4.121463298797607
escape-string-regexp,1.167250633239746
request-promise-core,4.422244071960449
request-promise-core,1.1678664684295654
@babel_helper-create-class-features-plugin,1.618635892868042
@babel_helper-create-class-features-plugin,0.7167708873748779
flush-write-stream,0.9166193008422852
flush-write-stream,0.5665497779846191
util,4.071288824081421
util,1.1175298690795898
boolbase,0.4662353992462158
boolbase,0.46664977073669434
commander,3.671353340148926
commander,1.0173263549804688
wide-align,1.9184792041778564
wide-align,0.7169599533081055
babel-plugin-polyfill-corejs3,1.4174299240112305
babel-plugin-polyfill-corejs3,0.6160492897033691
is-accessor-descriptor,1.4177000522613525
is-accessor-descriptor,0.6661319732666016
jest-serializer,0.5657804012298584
jest-serializer,0.46570873260498047
acorn,0.46565818786621094
acorn,0.46563196182250977
is-plain-object,1.9190645217895508
is-plain-object,0.7666885852813721
arrify,4.02139139175415
arrify,1.1679317951202393
ansi-regex,4.021764755249023
ansi-regex,1.1671528816223145
babel-plugin-dynamic-import-node,4.0722739696502686
babel-plugin-dynamic-import-node,1.2172894477844238
tapable,3.7223315238952637
tapable,1.1173198223114014
xml-name-validator,1.4177486896514893
xml-name-validator,0.666816234588623
no-case,5.424100637435913
no-case,1.3684887886047363
is-negative-zero,2.3198447227478027
is-negative-zero,0.8166296482086182
json-parse-better-errors,2.7703793048858643
json-parse-better-errors,0.917137861251831
arr-flatten,2.3197150230407715
arr-flatten,0.7672023773193359
pascalcase,1.2677762508392334
pascalcase,0.6664144992828369
color-convert,2.919837236404419
color-convert,0.9166169166564941
@babel_helper-validator-option,0.46581244468688965
@babel_helper-validator-option,0.4661543369293213
makeerror,0.5670857429504395
makeerror,0.5159890651702881
error-ex,2.5710582733154297
error-ex,0.8171629905700684
md5.js,1.7178542613983154
md5.js,0.6663858890533447
to-regex,1.5174245834350586
to-regex,0.7168271541595459
console-control-strings,2.1686463356018066
console-control-strings,0.7663288116455078
pako,3.4209940433502197
pako,0.9679520130157471
path-parse,0.4659440517425537
path-parse,0.46628880500793457
@babel_helper-plugin-utils,0.46576714515686035
@babel_helper-plugin-utils,0.46584296226501465
glob-parent,2.268639087677002
glob-parent,0.8163716793060303
node-releases,0.5159597396850586
node-releases,0.5157299041748047
file-type,4.2228758335113525
file-type,1.2175519466400146
for-in,1.3678762912750244
for-in,0.6667516231536865
postcss-modules-scope,3.72129487991333
postcss-modules-scope,1.0675218105316162
rc,0.5661842823028564
rc,0.5165395736694336
aggregate-error,4.1732871532440186
aggregate-error,1.1171410083770752
bluebird,2.8197882175445557
bluebird,0.8671679496765137
unset-value,1.5682125091552734
unset-value,0.6664786338806152
node-libs-browser,1.267289161682129
node-libs-browser,0.6166543960571289
levn,1.2172362804412842
levn,0.6664257049560547
is-number,1.467682123184204
is-number,0.66615891456604
to-object-path,1.16721510887146
to-object-path,0.6162617206573486
caller-path,4.072469472885132
caller-path,1.2171297073364258
big.js,0.46568942070007324
big.js,0.46587610244750977
tweetnacl,2.168362855911255
tweetnacl,0.8166582584381104
@babel_helper-remap-async-to-generator,0.8164129257202148
@babel_helper-remap-async-to-generator,0.5158872604370117
express,2.1693999767303467
express,0.7668354511260986
nice-try,1.6181449890136719
nice-try,0.7165765762329102
esrecurse,3.8718373775482178
esrecurse,1.0670576095581055
@babel_plugin-syntax-async-generators,0.8166892528533936
@babel_plugin-syntax-async-generators,0.5663347244262695
strip-ansi,3.672288179397583
strip-ansi,1.066838026046753
lines-and-columns,2.619542121887207
lines-and-columns,0.8167538642883301
wrappy,1.7176647186279297
wrappy,0.7164855003356934
@babel_helper-hoist-variables,0.7164363861083984
@babel_helper-hoist-variables,0.5160007476806641
class-utils,2.9200875759124756
class-utils,0.9664099216461182
node-fetch,4.422959804534912
node-fetch,1.2172601222991943
tr46,1.41776442527771
tr46,0.6664252281188965
events,3.7212018966674805
events,1.1172609329223633
has-values,1.467301607131958
has-values,0.6665616035461426
esquery,3.1205151081085205
esquery,1.0205581188201904
split-string,2.3188536167144775
split-string,0.8165955543518066
source-map,3.4214513301849365
source-map,1.0179252624511719
graceful-fs,1.8680593967437744
graceful-fs,0.7662410736083984
serve-static,2.4187233448028564
serve-static,0.8166990280151367
node-int64,1.3176045417785645
node-int64,0.6162247657775879
function-bind,2.519318103790283
function-bind,0.8164787292480469
jest-validate,0.716392993927002
jest-validate,0.5162961483001709
html-entities,2.3720126152038574
html-entities,0.8167774677276611
@babel_parser,0.6160924434661865
@babel_parser,0.5162878036499023
@babel_plugin-transform-modules-umd,1.016721487045288
@babel_plugin-transform-modules-umd,0.5660488605499268
style-loader,5.87581729888916
style-loader,1.6682209968566895
import-local,3.9749748706817627
import-local,1.218043565750122
@babel_plugin-transform-modules-amd,1.1175615787506104
@babel_plugin-transform-modules-amd,0.616786003112793
cookie-signature,0.9672508239746094
cookie-signature,0.6165993213653564
on-finished,0.8665838241577148
on-finished,0.5663485527038574
arr-diff,2.0185091495513916
arr-diff,0.7667622566223145
json-buffer,0.8164501190185547
json-buffer,0.5662822723388672
http-parser-js,0.5162928104400635
http-parser-js,0.46584105491638184
mkdirp,2.018531560897827
mkdirp,0.7694683074951172
@babel_plugin-proposal-async-generator-functions,1.317167043685913
@babel_plugin-proposal-async-generator-functions,0.6160099506378174
move-concurrently,2.168225049972534
move-concurrently,0.7665607929229736
emoji-regex,2.0181314945220947
emoji-regex,0.766369104385376
jsbn,0.5164206027984619
jsbn,0.4667167663574219
unbox-primitive,2.319098472595215
unbox-primitive,0.8166518211364746
stream-each,2.669389009475708
stream-each,0.8169713020324707
@babel_helper-compilation-targets,1.067439317703247
@babel_helper-compilation-targets,0.5663788318634033
jest-config,3.5213351249694824
jest-config,0.8170797824859619
chardet,4.32190465927124
chardet,1.2176539897918701
depd,1.8684988021850586
depd,0.716773509979248
evp_bytestokey,1.7181296348571777
evp_bytestokey,0.7166814804077148
object-inspect,2.2692885398864746
object-inspect,0.8169441223144531
@istanbuljs_load-nyc-config,4.622992992401123
@istanbuljs_load-nyc-config,1.317216157913208
@babel_plugin-syntax-optional-catch-binding,0.866532564163208
@babel_plugin-syntax-optional-catch-binding,0.5661845207214355
@babel_plugin-transform-runtime,2.2186291217803955
@babel_plugin-transform-runtime,0.7165126800537109
scheduler,0.5660336017608643
scheduler,0.5161774158477783
serialize-javascript,1.6177144050598145
serialize-javascript,0.7165143489837646
follow-redirects,2.2184925079345703
follow-redirects,0.8167736530303955
to-regex-range,1.567476749420166
to-regex-range,0.666619062423706
@babel_plugin-transform-parameters,0.8665115833282471
@babel_plugin-transform-parameters,0.5662076473236084
fs-extra,2.719569206237793
fs-extra,0.9168083667755127
@babel_plugin-proposal-private-methods,1.2674267292022705
@babel_plugin-proposal-private-methods,0.616708517074585
shallow-clone,1.2672674655914307
shallow-clone,0.6667637825012207
resolve-cwd,4.02214503288269
resolve-cwd,1.1178436279296875
ansi-align,4.622903823852539
ansi-align,1.2173066139221191
clone-deep,0.9169042110443115
clone-deep,0.5662815570831299
string-length,3.7220795154571533
string-length,1.0671179294586182
bl,1.9685111045837402
bl,0.7666645050048828
regenerate-unicode-properties,1.9683575630187988
regenerate-unicode-properties,0.7665340900421143
xml2js,1.7700791358947754
xml2js,0.7167344093322754
compressible,2.46923828125
compressible,0.8668756484985352
tunnel-agent,0.5160536766052246
tunnel-agent,0.5162250995635986
sort-keys,4.171934127807617
sort-keys,1.1676228046417236
@babel_helper-wrap-function,0.8166854381561279
@babel_helper-wrap-function,0.5162596702575684
esutils,0.8166892528533936
esutils,0.5664291381835938
he,1.8179969787597656
he,0.7167234420776367
readdirp,2.7208776473999023
readdirp,0.8665220737457275
nanoid,0.4658181667327881
nanoid,0.46576786041259766
colorette,0.8666760921478271
colorette,0.5662326812744141
map-cache,1.167140007019043
map-cache,0.6161174774169922
rsvp,5.673405647277832
rsvp,1.367124080657959
hmac-drbg,0.8164663314819336
hmac-drbg,0.5662276744842529
ip-regex,3.9713134765625
ip-regex,1.1170902252197266
@babel_helper-member-expression-to-functions,0.7167363166809082
@babel_helper-member-expression-to-functions,0.5665206909179688
pirates,5.323655605316162
pirates,1.3680148124694824
websocket-extensions,0.5160338878631592
websocket-extensions,0.4661567211151123
on-headers,2.769658088684082
on-headers,0.9168531894683838
process,3.6232199668884277
process,1.1173851490020752
setimmediate,3.7721054553985596
setimmediate,1.017423391342163
acorn-walk,0.4658348560333252
acorn-walk,0.4656538963317871
walker,0.5661299228668213
walker,0.5170679092407227
tsconfig-paths,1.718094825744629
tsconfig-paths,0.715937614440918
deep-extend,0.6662044525146484
deep-extend,0.5157198905944824
querystringify,1.9691665172576904
querystringify,0.7663664817810059
@babel_plugin-transform-react-jsx,1.2671678066253662
@babel_plugin-transform-react-jsx,0.6162803173065186
@babel_compat-data,0.5662705898284912
@babel_compat-data,0.5163693428039551
v8-compile-cache,1.9687578678131104
v8-compile-cache,0.7666282653808594
is-string,3.12058424949646
is-string,1.016904592514038
is-arguments,2.2688663005828857
is-arguments,0.8166675567626953
queue-microtask,1.7680988311767578
queue-microtask,0.7161407470703125
is-plain-obj,4.072353839874268
is-plain-obj,1.067030429840088
@cyf1996..._cq-attribute-import,3.5720388889312744
@cyf1996..._cq-attribute-import,1.0674080848693848
@babel_traverse,0.9166033267974854
@babel_traverse,0.566178560256958
safe-regex,3.020695686340332
safe-regex,0.9164810180664062
which,2.0685293674468994
which,0.7663784027099609
@webassemblyjs_helper-code-frame,0.615809440612793
@webassemblyjs_helper-code-frame,0.5158190727233887
make-error,4.121891736984253
make-error,1.1671528816223145
querystring,0.5660386085510254
querystring,0.5158641338348389
prepend-http,3.620663642883301
prepend-http,1.066922664642334
@babel_types,0.6664533615112305
@babel_types,0.5158216953277588
create-ecdh,2.719214677810669
create-ecdh,0.8164451122283936
kleur,0.5658607482910156
kleur,0.5158164501190186
has-bigints,2.2685375213623047
has-bigints,0.8162689208984375
exec-sh,2.869628667831421
exec-sh,0.916780948638916
@babel_plugin-transform-for-of,0.8665525913238525
@babel_plugin-transform-for-of,0.5659940242767334
regexpu-core,1.4174892902374268
regexpu-core,0.6662623882293701
lodash.uniq,0.46562671661376953
lodash.uniq,0.46590447425842285
url-parse,3.06998348236084
url-parse,1.0167715549468994
http-signature,0.8662865161895752
http-signature,0.5659434795379639
prettier,0.4656949043273926
prettier,0.4657778739929199
read-pkg-up,4.274353504180908
read-pkg-up,1.1669139862060547
bindings,0.51584792137146
bindings,0.5159986019134521
loose-envify,2.0683648586273193
loose-envify,0.7667901515960693
@xtuc_ieee754,4.673382520675659
@xtuc_ieee754,1.3172643184661865
tty-browserify,0.5659093856811523
tty-browserify,0.5158114433288574
diffie-hellman,0.7660658359527588
diffie-hellman,0.5659089088439941
flat-cache,1.9693236351013184
flat-cache,0.7664649486541748
isobject,1.2669882774353027
isobject,0.616349458694458
asap,1.467500925064087
asap,0.666384220123291
elliptic,3.872565269470215
elliptic,1.1172685623168945
combined-stream,0.5660271644592285
combined-stream,0.5157854557037354
delayed-stream,0.5659973621368408
delayed-stream,0.5156290531158447
fast-json-stable-stringify,2.269554615020752
fast-json-stable-stringify,0.81630539894104
onetime,4.072087526321411
onetime,1.1172678470611572
tmp,2.2189788818359375
tmp,0.8167629241943359
hash.js,1.3676753044128418
hash.js,0.6162827014923096
table,5.075289487838745
table,1.3176119327545166
open,4.222059965133667
open,1.167795181274414
@babel_preset-modules,6.8787171840667725
@babel_preset-modules,1.6181986331939697
jsesc,1.7681918144226074
jsesc,0.7167582511901855
resolve-from,3.9721765518188477
resolve-from,1.11745285987854
asn1,1.6182825565338135
asn1,0.6664092540740967
invariant,2.3184266090393066
invariant,0.7667109966278076
which-module,4.773058652877808
which-module,1.2172658443450928
react-is,0.46595335006713867
react-is,0.4661898612976074
find-up,3.7220325469970703
find-up,1.1169240474700928
emojis-list,2.7194268703460693
emojis-list,0.8663718700408936
core-js-pure,0.4659538269042969
core-js-pure,0.46649622917175293
source-map-support,2.7196054458618164
source-map-support,0.9172914028167725
urix,0.8167388439178467
urix,0.566413402557373
regenerator-runtime,0.4660377502441406
regenerator-runtime,0.46608519554138184
promise-inflight,0.4661753177642822
promise-inflight,0.46630382537841797
p-cancelable,4.122818231582642
p-cancelable,1.1674597263336182
fast-glob,2.670391082763672
fast-glob,0.866875410079956
@xtuc_long,2.419532299041748
@xtuc_long,0.8168950080871582
regjsparser,0.5662257671356201
regjsparser,0.5161092281341553
util.promisify,2.6698689460754395
util.promisify,0.8168823719024658
postcss-loader,5.674060821533203
postcss-loader,1.568042516708374
ci-info,1.768125057220459
ci-info,0.7167916297912598
unpipe,0.9667084217071533
unpipe,0.5663290023803711
gensync,0.4660024642944336
gensync,0.46631789207458496
filesize,3.1200509071350098
filesize,0.9167015552520752
require-main-filename,2.9700093269348145
require-main-filename,0.9165875911712646
es6-symbol,2.5688648223876953
es6-symbol,0.8165066242218018
is-wsl,3.9718523025512695
is-wsl,1.117264986038208
@babel_helpers,0.9667527675628662
@babel_helpers,0.5662555694580078
supports-color,4.021642684936523
supports-color,1.167402982711792
postcss-value-parser,2.6195709705352783
postcss-value-parser,0.8663983345031738
@babel_plugin-transform-async-to-generator,1.0168213844299316
@babel_plugin-transform-async-to-generator,0.5661847591400146
forwarded,2.118502378463745
forwarded,0.8163375854492188
run-async,1.1167311668395996
run-async,0.6159112453460693
cacheable-request,5.023942232131958
cacheable-request,1.3171989917755127
des.js,1.7177488803863525
des.js,0.7164108753204346
parseurl,2.0182747840881348
parseurl,0.7664635181427002
os-browserify,0.4657747745513916
os-browserify,0.46584343910217285
leven,3.7712297439575195
leven,1.1169495582580566
unicode-canonical-property-names-ecmascript,1.968367576599121
unicode-canonical-property-names-ecmascript,0.7665786743164062
data-urls,2.619123935699463
data-urls,0.8664047718048096
array-union,4.071345806121826
array-union,1.1170017719268799
@webassemblyjs_helper-api-error,0.46575021743774414
@webassemblyjs_helper-api-error,0.4658474922180176
jsonfile,1.9685280323028564
jsonfile,0.7665820121765137
strip-eof,4.071694850921631
strip-eof,1.1170072555541992
browserify-rsa,1.8183019161224365
browserify-rsa,0.7162666320800781
strip-indent,4.122152328491211
strip-indent,1.167360544204712
loader-runner,1.6681981086730957
loader-runner,0.6664097309112549
is-installed-globally,4.823817253112793
is-installed-globally,1.317741870880127
braces,1.2671873569488525
braces,0.6665596961975098
shebang-regex,3.7209887504577637
shebang-regex,1.06732177734375
@babel_plugin-transform-computed-properties,0.8665666580200195
@babel_plugin-transform-computed-properties,0.5664675235748291
@jest_environment,0.9168822765350342
@jest_environment,0.5662493705749512
registry-auth-token,2.0682992935180664
registry-auth-token,0.7668538093566895
node-forge,4.422487020492554
node-forge,1.2677018642425537
istanbul-reports,3.9221532344818115
istanbul-reports,1.1672303676605225
stream-http,3.5204005241394043
stream-http,1.0667200088500977
string-width,4.072685956954956
string-width,1.167128086090088
micromatch,1.7180852890014648
micromatch,0.666797399520874
sockjs-client,4.422208309173584
sockjs-client,1.2176856994628906
array-includes,3.1200506687164307
array-includes,0.8665413856506348
figures,4.021810531616211
figures,1.1171298027038574
@webassemblyjs_helper-wasm-section,0.6162319183349609
@webassemblyjs_helper-wasm-section,0.5163605213165283
tar-stream,1.8181772232055664
tar-stream,0.7167634963989258
infer-owner,1.8692653179168701
infer-owner,0.7164556980133057
performance-now,0.9669146537780762
performance-now,0.5661976337432861
@babel_template,0.7162973880767822
@babel_template,0.5161406993865967
enhanced-resolve,2.9713237285614014
enhanced-resolve,0.8669331073760986
os-homedir,3.170924186706543
os-homedir,0.967193603515625
async,5.424648761749268
async,1.4679617881774902
is-path-in-cwd,4.124693155288696
is-path-in-cwd,1.1669130325317383
ajv,8.328946828842163
ajv,2.119300603866577
test-exclude,2.970376491546631
test-exclude,0.9669735431671143
timers-browserify,1.2184932231903076
timers-browserify,0.6163616180419922
inherits,2.068854331970215
inherits,0.7664122581481934
reusify,2.368600845336914
reusify,0.7664291858673096
jest-regex-util,0.5157690048217773
jest-regex-util,0.515812873840332
yaml,3.9711008071899414
yaml,1.2178401947021484
merge-stream,0.8663327693939209
merge-stream,0.5660066604614258
ssri,3.2202908992767334
ssri,1.0173170566558838
sax,1.9685308933258057
sax,0.716339111328125
@babel_helper-function-name,0.7160005569458008
@babel_helper-function-name,0.5160162448883057
ast-types,1.317072868347168
ast-types,0.6663484573364258
string.prototype.trimend,2.368842840194702
string.prototype.trimend,0.8161716461181641
@babel_plugin-proposal-dynamic-import,1.2169585227966309
@babel_plugin-proposal-dynamic-import,0.5659143924713135
parse-asn1,2.068188190460205
parse-asn1,0.766887903213501
is-symbol,2.2687082290649414
is-symbol,0.8172390460968018
ansi-colors,1.2675573825836182
ansi-colors,0.6667032241821289
autoprefixer,0.8167746067047119
autoprefixer,0.516303300857544
https-browserify,1.7179710865020752
https-browserify,0.7169251441955566
eslint-module-utils,0.6168136596679688
eslint-module-utils,0.5162115097045898
@webassemblyjs_utf8,0.4659717082977295
@webassemblyjs_utf8,0.46625494956970215
has,1.5176000595092773
has,0.6668224334716797
static-extend,1.2672662734985352
static-extend,0.6163105964660645
lower-case,5.32427453994751
lower-case,1.3677988052368164
@babel_plugin-transform-member-expression-literals,0.866936206817627
@babel_plugin-transform-member-expression-literals,0.5664079189300537
@babel_plugin-proposal-export-namespace-from,1.217200756072998
@babel_plugin-proposal-export-namespace-from,0.566211462020874
crypto-random-string,4.074526786804199
crypto-random-string,1.067223072052002
@jest_test-result,0.9168887138366699
@jest_test-result,0.5666866302490234
@babel_plugin-proposal-json-strings,1.2173902988433838
@babel_plugin-proposal-json-strings,0.5661454200744629
has-ansi,3.6209123134613037
has-ansi,1.06723952293396
unicode-match-property-value-ecmascript,1.9182555675506592
unicode-match-property-value-ecmascript,0.766594409942627
js-tokens,0.4679718017578125
js-tokens,0.46645164489746094
side-channel,2.369081497192383
side-channel,0.8167927265167236
content-type,1.818305492401123
content-type,0.7166767120361328
jest-util,0.7163541316986084
jest-util,0.5162079334259033
jest-mock,0.6664550304412842
jest-mock,0.5162754058837891
defer-to-connect,4.622739553451538
defer-to-connect,1.317591667175293
eslint-plugin-import,4.823657512664795
eslint-plugin-import,1.2178711891174316
number-is-nan,1.9186067581176758
number-is-nan,0.7663772106170654
require-from-string,0.9667832851409912
require-from-string,0.5664396286010742
collection-visit,2.8722310066223145
collection-visit,0.9173674583435059
@babel_code-frame,0.6162137985229492
@babel_code-frame,0.5161874294281006
ret,2.11863112449646
ret,0.7665581703186035
@babel_plugin-transform-new-target,0.8664216995239258
@babel_plugin-transform-new-target,0.5658049583435059
param-case,5.374585390090942
param-case,1.3174023628234863
make-dir,4.522639036178589
make-dir,1.267570972442627
fs-minipass,2.119309663772583
fs-minipass,0.7664587497711182
diff,7.326976299285889
diff,1.6684789657592773
decamelize,4.122389078140259
decamelize,1.217210054397583
find-cache-dir,4.273054361343384
find-cache-dir,1.267017126083374
argparse,1.9180257320404053
argparse,0.7662277221679688
buffer-xor,1.7682483196258545
buffer-xor,0.7663130760192871
brace-expansion,0.9161462783813477
brace-expansion,0.5659468173980713
babel-plugin-istanbul,3.9210948944091797
babel-plugin-istanbul,1.116739273071289
redent,4.172797918319702
redent,1.1676576137542725
@babel_plugin-transform-named-capturing-groups-regex,1.417799472808838
@babel_plugin-transform-named-capturing-groups-regex,0.5661699771881104
execa,5.423501253128052
execa,1.518052577972412
file-loader,6.375737190246582
file-loader,1.7677600383758545
import-fresh,4.021548509597778
import-fresh,1.1171669960021973
@babel_helper-builder-binary-assignment-operator-visitor,0.6163492202758789
@babel_helper-builder-binary-assignment-operator-visitor,0.5164179801940918
url-parse-lax,3.674330234527588
url-parse-lax,1.0671632289886475
minimatch,1.3677196502685547
minimatch,0.6168467998504639
npm-run-path,4.024172306060791
npm-run-path,1.1173360347747803
@babel_plugin-transform-unicode-regex,1.3673253059387207
@babel_plugin-transform-unicode-regex,0.6163532733917236
global-dirs,4.672080755233765
global-dirs,1.267378807067871
keyv,5.024770259857178
keyv,1.267554759979248
responselike,4.32253098487854
responselike,1.0691869258880615
strip-final-newline,4.121292591094971
strip-final-newline,1.1169965267181396
array-unique,1.5675973892211914
array-unique,0.6662070751190186
y18n,3.521528959274292
y18n,1.0673155784606934
color-string,2.61948299407959
color-string,0.8167200088500977
@babel_plugin-transform-template-literals,0.8166890144348145
@babel_plugin-transform-template-literals,0.5662174224853516
@jest_source-map,0.5658466815948486
@jest_source-map,0.4659993648529053
eslint-import-resolver-node,1.2175285816192627
eslint-import-resolver-node,0.616218090057373
readable-stream,5.173372030258179
readable-stream,1.417729377746582
path-is-absolute,2.2188942432403564
path-is-absolute,0.7665805816650391
glob-to-regexp,0.4660160541534424
glob-to-regexp,0.4658207893371582
indent-string,4.072407245635986
indent-string,1.1675081253051758
fs-write-stream-atomic,3.3722550868988037
fs-write-stream-atomic,0.8674688339233398
array.prototype.flat,3.7721030712127686
array.prototype.flat,1.017354965209961
p-try,3.922210216522217
p-try,1.1170313358306885
get-stream,4.221719980239868
get-stream,1.267782211303711
react-dom,0.6160509586334229
react-dom,0.5161614418029785
picomatch,2.619896173477173
picomatch,0.8166849613189697
end-of-stream,0.8165683746337891
end-of-stream,0.5661144256591797
co,1.718013048171997
co,0.718623161315918
@babel_plugin-transform-modules-commonjs,1.1167609691619873
@babel_plugin-transform-modules-commonjs,0.616002082824707
symbol-observable,2.5190072059631348
symbol-observable,0.8171792030334473
word-wrap,1.3674192428588867
word-wrap,0.6667056083679199
node-notifier,3.771749258041382
node-notifier,1.0674421787261963
p-limit,3.771421194076538
p-limit,1.067155361175537
deep-equal,2.7707245349884033
deep-equal,0.8166248798370361
map-obj,4.122885227203369
map-obj,1.2668874263763428
at-least-node,2.469074249267578
at-least-node,0.8166835308074951
wrap-ansi,4.122197866439819
wrap-ansi,1.1693367958068848
is-path-inside,4.1229095458984375
is-path-inside,1.116685152053833
accepts,2.3684754371643066
accepts,0.816356897354126
which-boxed-primitive,2.2686948776245117
which-boxed-primitive,0.816716194152832
text-table,0.766376256942749
text-table,0.5163614749908447
lodash.sortby,0.465893030166626
lodash.sortby,0.46587610244750977
buffer-from,1.7175755500793457
buffer-from,0.716273307800293
camelcase-keys,4.722522974014282
camelcase-keys,1.3673276901245117
vary,1.9682872295379639
vary,0.7665066719055176
set-value,1.116823434829712
set-value,0.6166198253631592
isarray,0.6160030364990234
isarray,0.5158164501190186
@babel_helper-split-export-declaration,0.5657570362091064
@babel_helper-split-export-declaration,0.46597838401794434
setprototypeof,1.86848783493042
setprototypeof,0.7668728828430176
doctrine,2.3190791606903076
doctrine,0.7665920257568359
ieee754,4.322887182235718
ieee754,1.2180964946746826
ip,2.1690752506256104
ip,0.7667219638824463
csstype,6.2257981300354
csstype,1.0172369480133057
webpack-sources,3.7718167304992676
webpack-sources,1.1174540519714355
@sinonjs_fake-timers,4.4229960441589355
@sinonjs_fake-timers,1.2684407234191895
ecc-jsbn,0.5161328315734863
ecc-jsbn,0.5160150527954102
slash,4.021123886108398
slash,1.1170706748962402
http-cache-semantics,2.8702809810638428
http-cache-semantics,0.9672081470489502
acorn-globals,0.6160581111907959
acorn-globals,0.5162487030029297
async-limiter,2.5690298080444336
async-limiter,0.8670477867126465
load-json-file,3.670947551727295
load-json-file,1.1172022819519043
safer-buffer,1.8682732582092285
safer-buffer,0.7168257236480713
qs,4.172055959701538
qs,1.117349624633789
pinkie,3.6208832263946533
pinkie,1.0172045230865479
gauge,2.819479465484619
gauge,0.8668599128723145
browserify-cipher,2.0683753490448
browserify-cipher,0.7665557861328125
cli-cursor,3.6713690757751465
cli-cursor,1.0168423652648926
has-symbols,2.2692089080810547
has-symbols,0.8670811653137207
tslib,0.465893030166626
tslib,0.46608805656433105
fast-deep-equal,2.3690316677093506
fast-deep-equal,0.8672702312469482
regenerator-transform,1.6181154251098633
regenerator-transform,0.7162308692932129
loglevel,2.7707324028015137
loglevel,0.8666152954101562
@babel_plugin-transform-react-display-name,0.8665313720703125
@babel_plugin-transform-react-display-name,0.5661885738372803
cache-base,1.56803560256958
cache-base,0.6690220832824707
file-entry-cache,1.9681246280670166
file-entry-cache,0.7669813632965088
imurmurhash,0.46585559844970703
imurmurhash,0.46624135971069336
global-prefix,0.9169998168945312
global-prefix,0.5663802623748779
react,0.5660400390625
react,0.5159943103790283
log-symbols,4.122575044631958
log-symbols,1.1673758029937744
base,3.8222262859344482
base,1.0669121742248535
isstream,0.6159958839416504
isstream,0.5161314010620117
jws,0.6660611629486084
jws,0.5159428119659424
p-locate,3.7225749492645264
p-locate,1.0672242641448975
mdn-data,0.6664433479309082
mdn-data,0.5164721012115479
boxen,5.07739782333374
boxen,1.4176220893859863
is-number-object,3.1211299896240234
is-number-object,1.016770362854004
babel-runtime,1.0664606094360352
babel-runtime,0.5160696506500244
repeat-element,2.0687460899353027
repeat-element,0.8170871734619141
import-lazy,3.9724414348602295
import-lazy,1.117278814315796
etag,1.9687137603759766
etag,0.7168033123016357
@webassemblyjs_wasm-opt,0.6665923595428467
@webassemblyjs_wasm-opt,0.5162818431854248
clone,1.2678041458129883
clone,0.6162028312683105
body-parser,2.3694441318511963
body-parser,0.8165905475616455
functional-red-black-tree,0.6158876419067383
functional-red-black-tree,0.5158331394195557
source-map-resolve,1.0162978172302246
source-map-resolve,0.6159427165985107
stealthy-require,5.023568391799927
stealthy-require,1.268230676651001
set-blocking,2.5714492797851562
set-blocking,0.8171663284301758
ajv-errors,3.671978235244751
ajv-errors,1.0671589374542236
object.getownpropertydescriptors,2.569782018661499
object.getownpropertydescriptors,0.8164598941802979
jest-worker,0.716254711151123
jest-worker,0.515775203704834
assert-plus,0.9162924289703369
assert-plus,0.5659334659576416
fast-levenshtein,3.7213501930236816
fast-levenshtein,0.6663510799407959
prelude-ls,1.91782808303833
prelude-ls,0.7660987377166748
escodegen,3.621027946472168
escodegen,1.0171380043029785
domelementtype,1.5677258968353271
domelementtype,0.666583776473999
clean-stack,4.172230243682861
clean-stack,1.1673333644866943
path-key,4.122288227081299
path-key,1.1672613620758057
@babel_plugin-transform-exponentiation-operator,0.9167218208312988
@babel_plugin-transform-exponentiation-operator,0.566497802734375
p-finally,4.1720945835113525
p-finally,1.116724967956543
minimist,1.5677971839904785
minimist,0.7166261672973633
resolve,3.1205055713653564
resolve,0.9668173789978027
escape-html,0.5158371925354004
escape-html,0.5161299705505371
@babel_helper-create-regexp-features-plugin,1.0668728351593018
@babel_helper-create-regexp-features-plugin,0.568361759185791
normalize-path,1.4677202701568604
normalize-path,0.6662311553955078
fs.realpath,0.46582651138305664
fs.realpath,0.4661257266998291
pseudomap,1.7680883407592773
pseudomap,0.716543436050415
hoist-non-react-statics,3.320575475692749
hoist-non-react-statics,1.017063856124878
jest,3.571014881134033
jest,0.8669054508209229
@babel_highlight,0.6172881126403809
@babel_highlight,0.515977144241333
toidentifier,1.8685383796691895
toidentifier,0.7169291973114014
whatwg-url,3.5210134983062744
whatwg-url,1.017317533493042
base64-js,2.71966814994812
base64-js,0.8164920806884766
dir-glob,4.122664213180542
dir-glob,1.217700481414795
@jest_types,0.6664340496063232
@jest_types,0.5159924030303955
component-emitter,0.9666001796722412
component-emitter,0.6163771152496338
spdx-correct,2.3692548274993896
spdx-correct,0.8165147304534912
svgo,3.320922613143921
svgo,0.916724681854248
process-nextick-args,0.6160697937011719
process-nextick-args,0.5162651538848877
create-hmac,2.870002269744873
create-hmac,0.8166821002960205
is-callable,3.020263433456421
is-callable,1.0170602798461914
globby,
globby,
@webassemblyjs_helper-buffer,0.7167079448699951
@webassemblyjs_helper-buffer,0.5659427642822266
@webassemblyjs_ast,0.9165472984313965
@webassemblyjs_ast,0.5661017894744873
expand-brackets,1.768132209777832
expand-brackets,0.7163641452789307
natural-compare,0.5158059597015381
natural-compare,0.5160212516784668
merge2,1.9180848598480225
merge2,0.7165179252624512
neo-async,4.321688652038574
neo-async,1.1671829223632812
normalize-url,4.123612642288208
normalize-url,1.1675312519073486
progress,0.46552252769470215
progress,0.4658784866333008
path-browserify,0.8165357112884521
path-browserify,0.5659613609313965
interpret,2.870004415512085
interpret,0.816657543182373
@szmarczak_http-timer,4.271453380584717
@szmarczak_http-timer,1.1674704551696777
browserify-aes,2.068621873855591
browserify-aes,0.7163276672363281
xtend,0.5661540031433105
xtend,0.5162062644958496
constants-browserify,0.46616196632385254
constants-browserify,0.46611666679382324
sisteransi,1.0169382095336914
sisteransi,0.6164417266845703
strip-json-comments,3.7210333347320557
strip-json-comments,1.0673017501831055
postcss-modules-values,3.720897912979126
postcss-modules-values,1.067040205001831
worker-farm,0.8164000511169434
worker-farm,0.566192626953125
string_decoder,0.7665722370147705
string_decoder,0.5160477161407471
@nodelib_fs.scandir,0.566063642501831
@nodelib_fs.scandir,0.5164716243743896
detect-node,0.46621036529541016
detect-node,0.466259241104126
is-buffer,4.271956920623779
is-buffer,1.1672639846801758
object-is,2.31939435005188
object-is,0.8166842460632324
type-check,1.8683104515075684
type-check,0.7672598361968994
parallel-transform,0.6165835857391357
parallel-transform,0.5163400173187256
pkg-up,4.0222954750061035
pkg-up,1.0167272090911865
moment,3.4207570552825928
moment,1.0670666694641113
array-uniq,4.072691917419434
array-uniq,1.1684484481811523
@babel_plugin-transform-destructuring,0.8664631843566895
@babel_plugin-transform-destructuring,0.5660450458526611
randombytes,5.072930097579956
randombytes,1.3676080703735352
is-binary-path,3.9211907386779785
is-binary-path,1.117436170578003
ajv-keywords,3.9219980239868164
ajv-keywords,1.1171319484710693
json5,2.719844341278076
json5,0.8667116165161133
@webassemblyjs_wasm-edit,0.6662139892578125
@webassemblyjs_wasm-edit,0.5160274505615234
object.assign,2.8694822788238525
object.assign,0.9172201156616211
use,3.0201926231384277
use,0.9667606353759766
cipher-base,1.8686933517456055
cipher-base,0.7167508602142334
locate-path,3.6711525917053223
locate-path,1.0670053958892822
verror,0.566098690032959
verror,0.5163261890411377
@webassemblyjs_helper-wasm-bytecode,0.4659731388092041
@webassemblyjs_helper-wasm-bytecode,0.46605968475341797
@babel_plugin-proposal-class-properties,1.2673490047454834
@babel_plugin-proposal-class-properties,0.5667028427124023
@babel_plugin-transform-property-literals,0.8670246601104736
@babel_plugin-transform-property-literals,0.5664284229278564
astral-regex,3.9722752571105957
astral-regex,1.1168992519378662
@babel_helper-skip-transparent-expression-wrappers,0.7164559364318848
@babel_helper-skip-transparent-expression-wrappers,0.566072940826416
decimal.js,0.46600818634033203
decimal.js,0.46619701385498047
bcrypt-pbkdf,0.5160892009735107
bcrypt-pbkdf,0.46616172790527344
util-deprecate,0.5160317420959473
util-deprecate,0.4662175178527832
psl,3.7214608192443848
psl,1.116896629333496
pinkie-promise,0.9666502475738525
pinkie-promise,0.6161189079284668
type-detect,4.92230749130249
type-detect,1.317319393157959
enquirer,1.6678118705749512
enquirer,0.6163463592529297
portfinder,0.9162197113037109
portfinder,0.516167163848877
remove-trailing-separator,4.220702648162842
remove-trailing-separator,1.117445468902588
browser-process-hrtime,0.46593475341796875
browser-process-hrtime,0.4659602642059326
negotiator,2.1187217235565186
negotiator,0.7664031982421875
w3c-xmlserializer,2.568850040435791
w3c-xmlserializer,0.9166100025177002
@webassemblyjs_helper-module-context,0.6162111759185791
@webassemblyjs_helper-module-context,0.5158238410949707
camel-case,5.2731921672821045
camel-case,1.4176177978515625
is-extendable,1.51747465133667
is-extendable,0.66656494140625
brorand,0.6665301322937012
brorand,0.5161447525024414
debug,4.622547626495361
debug,1.2172729969024658
upath,2.9697885513305664
upath,0.9671506881713867
concat-map,0.5659608840942383
concat-map,0.5161278247833252
commondir,0.6161515712738037
commondir,0.51611328125
@babel_plugin-syntax-numeric-separator,0.8165943622589111
@babel_plugin-syntax-numeric-separator,0.5665855407714844
@babel_helper-explode-assignable-expression,0.7161843776702881
@babel_helper-explode-assignable-expression,0.5160503387451172
regex-not,1.4675214290618896
regex-not,0.6662673950195312
estraverse,2.819251298904419
estraverse,0.8665285110473633
@istanbuljs_schema,4.471590042114258
@istanbuljs_schema,1.317514419555664
har-validator,2.1689651012420654
har-validator,0.7669332027435303
is-extglob,1.3173081874847412
is-extglob,0.6663181781768799
global-modules,0.9167301654815674
global-modules,0.5662829875946045
oauth-sign,0.46584630012512207
oauth-sign,0.4660468101501465
@babel_helper-get-function-arity,0.5659818649291992
@babel_helper-get-function-arity,0.5161192417144775
yocto-queue,3.671421527862549
yocto-queue,1.0673694610595703
mixin-deep,1.2172327041625977
mixin-deep,0.666440486907959
rimraf,1.9187374114990234
rimraf,0.7167847156524658
@babel_plugin-proposal-nullish-coalescing-operator,1.2174832820892334
@babel_plugin-proposal-nullish-coalescing-operator,0.6165106296539307
snapdragon-node,1.1675817966461182
snapdragon-node,0.6164135932922363
yallist,1.86844801902771
yallist,0.7164113521575928
@babel_plugin-transform-spread,0.9167852401733398
@babel_plugin-transform-spread,0.566561222076416
regenerate,1.417558193206787
regenerate,0.6665771007537842
prop-types,3.5210628509521484
prop-types,1.0171959400177002
postcss-selector-parser,3.871293306350708
postcss-selector-parser,1.1675291061401367
pkg-dir,5.123279571533203
pkg-dir,1.3676748275756836
whatwg-mimetype,2.5700910091400146
whatwg-mimetype,0.8169622421264648
terser-webpack-plugin,5.124760389328003
terser-webpack-plugin,1.4181573390960693
html-escaper,1.2168824672698975
html-escaper,0.616156816482544
istanbul-lib-report,1.7175030708312988
istanbul-lib-report,0.7164239883422852
is-stream,3.620819330215454
is-stream,1.0672979354858398
simple-swizzle,2.6695966720581055
simple-swizzle,0.8169596195220947
memory-fs,2.1185202598571777
memory-fs,0.7165451049804688
jest-changed-files,0.7662982940673828
jest-changed-files,0.5163190364837646
delegates,0.9667923450469971
delegates,0.5663015842437744
webidl-conversions,1.8681845664978027
webidl-conversions,0.7167837619781494
async-each,0.46599316596984863
async-each,0.46626901626586914
console-browserify,1.9682490825653076
console-browserify,0.7167913913726807
from2,0.9167122840881348
from2,0.5664629936218262
vm-browserify,2.469316244125366
vm-browserify,0.8670856952667236
range-parser,2.319347381591797
range-parser,0.8168520927429199
browserify-sign,2.670557737350464
browserify-sign,0.916823148727417
browserify-des,2.820227861404419
browserify-des,0.8666582107543945
capture-exit,0.9170482158660889
capture-exit,0.5664083957672119
get-caller-file,0.866605281829834
get-caller-file,0.5660092830657959
import-from,3.9709904193878174
import-from,1.0669527053833008
normalize-range,3.1197736263275146
normalize-range,0.867213249206543
unicode-property-aliases-ecmascript,1.9178979396820068
unicode-property-aliases-ecmascript,0.7162401676177979
miller-rabin,0.6661124229431152
miller-rabin,0.5157783031463623
bytes,1.316981315612793
bytes,0.6662447452545166
axios,6.176041126251221
axios,1.5677995681762695
browserify-zlib,4.523129940032959
browserify-zlib,1.2672626972198486
arr-union,1.8182001113891602
arr-union,0.7662296295166016
ansi-styles,4.772766828536987
ansi-styles,1.3175668716430664
string.prototype.trimstart,2.3688130378723145
string.prototype.trimstart,0.8163566589355469
domhandler,2.919593095779419
domhandler,0.9165847301483154
@babel_plugin-syntax-json-strings,0.816441535949707
@babel_plugin-syntax-json-strings,0.5658349990844727
unicode-match-property-ecmascript,1.918196201324463
unicode-match-property-ecmascript,0.7663216590881348
@webassemblyjs_wast-parser,0.615924596786499
@webassemblyjs_wast-parser,0.5161080360412598
minizlib,2.068819284439087
minizlib,0.7663695812225342
object-assign,3.922231674194336
object-assign,1.0669496059417725
trim-newlines,4.121973276138306
trim-newlines,1.1672558784484863
map-visit,1.4174413681030273
map-visit,0.6663167476654053
run-queue,2.5694150924682617
run-queue,0.866919994354248
hash-base,2.369058132171631
hash-base,0.8670001029968262
content-disposition,1.818488359451294
content-disposition,0.7165689468383789
object-keys,2.118401050567627
object-keys,0.7665541172027588
symbol-tree,2.2690587043762207
symbol-tree,0.8166229724884033
@babel_plugin-transform-regenerator,0.9163784980773926
@babel_plugin-transform-regenerator,0.5661823749542236
cookie,2.219233989715576
cookie,0.816317081451416
@babel_plugin-transform-block-scoping,0.8665015697479248
@babel_plugin-transform-block-scoping,0.5659322738647461
@sinonjs_commons,2.819812536239624
@sinonjs_commons,0.9667971134185791
compression,2.7702696323394775
compression,0.9164743423461914
deep-is,0.5657482147216797
deep-is,0.5159323215484619
json-stringify-safe,0.9163994789123535
json-stringify-safe,0.5658512115478516
@babel_plugin-syntax-object-rest-spread,0.8162674903869629
@babel_plugin-syntax-object-rest-spread,0.5661296844482422
core-js-compat,0.8162124156951904
core-js-compat,0.5159745216369629
mime-types,2.3202590942382812
mime-types,0.8166606426239014
buffer-crc32,0.6661057472229004
buffer-crc32,0.5158507823944092
internal-slot,2.319349765777588
internal-slot,0.8167243003845215
binary-extensions,3.8713066577911377
binary-extensions,1.1176726818084717
promise,1.5179438591003418
promise,0.6660928726196289
iferr,0.666187047958374
iferr,0.5160284042358398
clone-response,4.6722376346588135
clone-response,1.2176830768585205
kind-of,2.6197474002838135
kind-of,0.9165427684783936
is-obj,4.071746587753296
is-obj,1.1171069145202637
bn.js,1.9683408737182617
bn.js,0.766749382019043
type,2.4187052249908447
type,0.8665416240692139
shell-quote,0.8164281845092773
shell-quote,0.5661716461181641
unique-filename,3.1202995777130127
unique-filename,0.9169690608978271
object.entries,2.669576406478882
object.entries,0.8669583797454834
asn1.js,1.7684528827667236
asn1.js,0.7162742614746094
write-file-atomic,2.8194332122802734
write-file-atomic,0.9166483879089355
is-ci,1.7184417247772217
is-ci,0.7167313098907471
got,6.27644681930542
got,1.518092393875122
js-yaml,2.269401788711548
js-yaml,0.8168559074401855
jest-leak-detector,0.7665724754333496
jest-leak-detector,0.516446590423584
once,1.2678141593933105
once,0.6165511608123779
path-exists,3.6732442378997803
path-exists,1.1174721717834473
os-locale,3.6712520122528076
os-locale,1.0668063163757324
ws,1.9177110195159912
ws,0.7665939331054688
through,0.6163077354431152
through,0.5162787437438965
jest-runner,3.3703420162200928
jest-runner,0.8189699649810791
is-bigint,2.3190131187438965
is-bigint,0.817075252532959
semver,2.1196646690368652
semver,0.7664000988006592
slice-ansi,4.071703910827637
slice-ansi,1.1673073768615723
browserslist,0.7665185928344727
browserslist,0.5163705348968506
form-data,2.9206416606903076
form-data,0.9174158573150635
chrome-trace-event,0.8666658401489258
chrome-trace-event,0.5663259029388428
decode-uri-component,4.171458959579468
decode-uri-component,1.1175479888916016
cliui,3.7213165760040283
cliui,1.1172666549682617
domutils,3.070394992828369
domutils,0.9670674800872803
fragment-cache,2.969583749771118
fragment-cache,0.9166178703308105
jsprim,0.5657896995544434
jsprim,0.5157287120819092
is-windows,1.4673237800598145
is-windows,0.666168212890625
@babel_plugin-syntax-top-level-await,0.8177595138549805
@babel_plugin-syntax-top-level-await,0.5660033226013184
@sindresorhus_is,3.971137523651123
@sindresorhus_is,1.1172325611114502
crypto-browserify,5.525820732116699
crypto-browserify,1.4175875186920166
regexp.prototype.flags,3.6203768253326416
regexp.prototype.flags,1.1173176765441895
http-proxy,1.867997646331787
http-proxy,0.7166647911071777
clean-css,1.6678717136383057
clean-css,0.7166352272033691
nwsapi,0.4657423496246338
nwsapi,0.46585965156555176
ansi-escapes,4.1718831062316895
ansi-escapes,1.1676371097564697
strict-uri-encode,3.571439266204834
strict-uri-encode,1.0671765804290771
schema-utils,4.824153900146484
schema-utils,1.3678336143493652
fill-range,1.2673084735870361
fill-range,0.6165673732757568
fastq,2.4692461490631104
fastq,0.8668596744537354
safe-buffer,1.6679158210754395
safe-buffer,0.7165822982788086
restore-cursor,3.170391082763672
restore-cursor,1.0196235179901123
extend-shallow,2.1184139251708984
extend-shallow,0.8163042068481445
concat-stream,0.9164795875549316
concat-stream,0.5663697719573975
sprintf-js,2.869591474533081
sprintf-js,0.9667911529541016
terser,1.6678590774536133
terser,0.7163403034210205
jest-pnp-resolver,0.4658956527709961
jest-pnp-resolver,0.4660353660583496
is-glob,1.367182970046997
is-glob,0.6663219928741455
es-to-primitive,2.368825912475586
es-to-primitive,0.8166646957397461
optionator,1.267411708831787
optionator,0.6666650772094727
ee-first,0.8666539192199707
ee-first,0.5661489963531494
uri-js,2.5694055557250977
uri-js,0.8665845394134521
@babel_runtime,0.5157997608184814
@babel_runtime,0.5158488750457764
postcss,0.5657892227172852
postcss,0.5159423351287842
domain-browser,0.8663859367370605
domain-browser,0.5661420822143555
aws4,0.6659696102142334
aws4,0.5158681869506836
call-bind,2.318801164627075
call-bind,0.8165807723999023
encodeurl,1.7679121494293213
encodeurl,0.7162702083587646
snapdragon-util,3.119907855987549
snapdragon-util,1.0170435905456543
has-unicode,1.7683842182159424
has-unicode,0.7168214321136475
@babel_helper-simple-access,0.7166697978973389
@babel_helper-simple-access,0.5165188312530518
stream-browserify,3.671208620071411
stream-browserify,1.1174180507659912
cli-boxes,4.623067855834961
cli-boxes,1.3178906440734863
anymatch,1.5185110569000244
anymatch,0.7163033485412598
@babel_plugin-transform-duplicate-keys,0.8664190769195557
@babel_plugin-transform-duplicate-keys,0.5663886070251465
is-core-module,2.2691569328308105
is-core-module,0.8164088726043701
@babel_plugin-transform-block-scoped-functions,0.8665268421173096
@babel_plugin-transform-block-scoped-functions,0.5664904117584229
parent-module,4.071790933609009
parent-module,1.1174187660217285
@babel_plugin-transform-arrow-functions,0.8667349815368652
@babel_plugin-transform-arrow-functions,0.6162905693054199
is-absolute-url,3.7212395668029785
is-absolute-url,1.0670185089111328
decompress-response,4.974139451980591
decompress-response,1.3173017501831055
code-point-at,3.1201555728912354
code-point-at,1.0171735286712646
@babel_plugin-proposal-logical-assignment-operators,1.2172377109527588
@babel_plugin-proposal-logical-assignment-operators,0.5666699409484863
convert-source-map,1.267254114151001
convert-source-map,0.6166036128997803
mute-stream,1.8682951927185059
mute-stream,0.7168881893157959
@babel_plugin-syntax-optional-chaining,0.816331148147583
@babel_plugin-syntax-optional-chaining,0.5661747455596924
assign-symbols,1.4175355434417725
assign-symbols,0.6663482189178467
duplexer,0.5661678314208984
duplexer,0.5161647796630859
globals,4.672753095626831
globals,1.3176627159118652
lru-cache,2.118508815765381
lru-cache,0.76656174659729
get-value,2.0683913230895996
get-value,0.7664575576782227
url,3.4205362796783447
url,1.0168242454528809
isexe,1.317471981048584
isexe,0.6161398887634277
define-properties,2.919887065887451
define-properties,0.8670840263366699
@babel_plugin-proposal-numeric-separator,1.1672565937042236
@babel_plugin-proposal-numeric-separator,0.5664858818054199
lodash,0.4661743640899658
lodash,0.46625494956970215
icss-utils,3.521332025527954
icss-utils,1.1173558235168457
abbrev,1.317615032196045
abbrev,0.666426420211792
tough-cookie,1.8179800510406494
tough-cookie,0.7166152000427246
@babel_helper-annotate-as-pure,0.5661075115203857
@babel_helper-annotate-as-pure,0.5162780284881592
pumpify,0.916804313659668
pumpify,0.5665709972381592
pbkdf2,2.419238567352295
pbkdf2,0.8667652606964111
@babel_helper-define-polyfill-provider,3.1699559688568115
@babel_helper-define-polyfill-provider,0.9670093059539795
destroy,0.9167139530181885
destroy,0.5661566257476807
jest-resolve,1.066889762878418
jest-resolve,0.5661916732788086
color,3.270059585571289
color,1.0172367095947266
object-copy,1.4176371097564697
object-copy,0.6664600372314453
source-map-url,0.8170490264892578
source-map-url,0.5663371086120605
through2,3.87199330329895
through2,1.2172596454620361
path-is-inside,0.7164673805236816
path-is-inside,0.5664377212524414
proxy-addr,2.319293737411499
proxy-addr,0.8166239261627197
next-tick,0.966639518737793
next-tick,0.5661461353302002
meow,4.322806358337402
meow,1.1672861576080322
create-hash,2.118960380554199
create-hash,0.7666356563568115
iconv-lite,1.317579746246338
iconv-lite,0.6664702892303467
validate-npm-package-license,0.6161224842071533
validate-npm-package-license,0.5158839225769043
caseless,0.6172304153442383
caseless,0.5162372589111328
chownr,2.0682578086853027
chownr,0.7664387226104736
escalade,0.6159453392028809
escalade,0.5160083770751953
typescript,4.972545862197876
typescript,1.317197561264038
define-property,1.4172585010528564
define-property,0.6667959690093994
nan,1.3674733638763428
nan,0.6668498516082764
@babel_plugin-transform-function-name,0.9667155742645264
@babel_plugin-transform-function-name,0.5663096904754639
to-fast-properties,2.1186656951904297
to-fast-properties,0.7667295932769775
esprima,3.9217875003814697
esprima,1.0672192573547363
@babel_generator,0.6662859916687012
@babel_generator,0.5163068771362305
flatted,2.018653631210327
flatted,0.8170828819274902
dom-serializer,3.821237325668335
dom-serializer,1.1173632144927979
hosted-git-info,3.1702370643615723
hosted-git-info,1.0673222541809082
extglob,3.4708287715911865
extglob,0.9671754837036133
http-errors,2.419126272201538
http-errors,0.9195215702056885
balanced-match,3.9716460704803467
balanced-match,1.2169325351715088
ipaddr.js,1.267045497894287
ipaddr.js,0.6660687923431396
sshpk,0.9671239852905273
sshpk,0.5662472248077393
@nodelib_fs.stat,0.5158841609954834
@nodelib_fs.stat,0.4660167694091797
@babel_plugin-proposal-optional-chaining,1.2673640251159668
@babel_plugin-proposal-optional-chaining,0.5662753582000732
methods,0.9164829254150391
methods,0.566119909286499
send,2.418820858001709
send,0.8167331218719482
eventemitter3,3.370576858520508
eventemitter3,1.0668461322784424
diff-sequences,0.5662155151367188
diff-sequences,0.5161819458007812
stream-shift,1.6678118705749512
stream-shift,0.716578483581543
extsprintf,0.4659426212310791
extsprintf,0.4661257266998291
espree,2.469048261642456
espree,0.8667304515838623
xmlchars,2.5699868202209473
xmlchars,0.9670581817626953
jest-message-util,0.9166967868804932
jest-message-util,0.5663471221923828
nopt,2.1183860301971436
nopt,0.7666738033294678
@babel_plugin-transform-object-super,1.0172150135040283
@babel_plugin-transform-object-super,0.5664482116699219
@babel_plugin-transform-unicode-escapes,0.8666207790374756
@babel_plugin-transform-unicode-escapes,0.566685676574707
csso,2.3708603382110596
csso,0.8163816928863525
xmlbuilder,1.919619083404541
xmlbuilder,0.7667315006256104
parse5,0.46581602096557617
parse5,0.4659273624420166
p-map,4.072437286376953
p-map,1.1169137954711914
eslint-scope,2.068208932876587
eslint-scope,0.7162730693817139
caniuse-lite,0.46561717987060547
caniuse-lite,0.4657866954803467
unique-string,3.8220081329345703
unique-string,1.1166577339172363
punycode,1.166837215423584
punycode,0.6162059307098389
@webassemblyjs_wast-printer,0.6162166595458984
@webassemblyjs_wast-printer,0.516442060470581
@babel_helper-validator-identifier,0.5159592628479004
@babel_helper-validator-identifier,0.5158791542053223
cross-spawn,5.67377495765686
cross-spawn,1.5180985927581787
query-string,4.121873617172241
query-string,1.1169660091400146
pump,0.5658612251281738
pump,0.5161290168762207
detect-newline,3.9237923622131348
detect-newline,1.117624044418335
html-encoding-sniffer,1.4176993370056152
html-encoding-sniffer,0.6664516925811768
@webassemblyjs_wasm-parser,0.7163338661193848
@webassemblyjs_wasm-parser,0.5160448551177979
@babel_plugin-transform-classes,1.0170066356658936
@babel_plugin-transform-classes,0.5663156509399414
istanbul-lib-instrument,4.523284196853638
istanbul-lib-instrument,1.1672499179840088
@eslint_eslintrc,1.918649435043335
@eslint_eslintrc,0.7167556285858154
is-fullwidth-code-point,4.072420597076416
is-fullwidth-code-point,1.1674158573150635
is-typedarray,0.6165142059326172
is-typedarray,0.5163214206695557
fb-watchman,0.5161838531494141
fb-watchman,0.5162136554718018
merge-descriptors,0.9167342185974121
merge-descriptors,0.5663125514984131
@babel_plugin-transform-reserved-words,0.8667480945587158
@babel_plugin-transform-reserved-words,0.5665199756622314
minimalistic-crypto-utils,0.7665057182312012
minimalistic-crypto-utils,0.5664553642272949
inflight,1.3177893161773682
inflight,0.6167128086090088
bser,0.5162954330444336
bser,0.516470193862915
mississippi,0.8166322708129883
mississippi,0.5664212703704834
colors,1.2172040939331055
colors,0.6163496971130371
@babel_plugin-proposal-optional-catch-binding,1.2674975395202637
@babel_plugin-proposal-optional-catch-binding,0.5663590431213379
supports-hyperlinks,4.272504091262817
supports-hyperlinks,1.267627239227295
@webassemblyjs_helper-fsm,0.4660325050354004
@webassemblyjs_helper-fsm,0.46617984771728516
@babel_plugin-syntax-dynamic-import,0.8167862892150879
@babel_plugin-syntax-dynamic-import,0.5665323734283447
@babel_plugin-proposal-object-rest-spread,1.2673234939575195
@babel_plugin-proposal-object-rest-spread,0.5663306713104248
@jest_fake-timers,0.9670023918151855
@jest_fake-timers,0.5668308734893799
chokidar,2.9699602127075195
chokidar,0.9166731834411621
@babel_helper-optimise-call-expression,0.6160597801208496
@babel_helper-optimise-call-expression,0.5159261226654053
mimic-fn,4.02133584022522
mimic-fn,1.1170783042907715
chalk,5.6782591342926025
chalk,1.41782808303833
shebang-command,4.07157826423645
shebang-command,1.217543601989746
@babel_plugin-syntax-logical-assignment-operators,0.8163950443267822
@babel_plugin-syntax-logical-assignment-operators,0.5660130977630615
callsites,3.7213361263275146
callsites,1.0674099922180176
@babel_plugin-syntax-nullish-coalescing-operator,0.8162422180175781
@babel_plugin-syntax-nullish-coalescing-operator,0.5663011074066162
throat,4.523908376693726
throat,1.1671817302703857
type-is,2.4196484088897705
type-is,0.867119312286377
array-flatten,6.175544500350952
array-flatten,1.5182952880859375
querystring-es3,0.7667229175567627
querystring-es3,0.5165622234344482
duplexer3,0.6665871143341064
duplexer3,0.5162780284881592
websocket-driver,0.6162698268890381
websocket-driver,0.5163226127624512
@jest_test-sequencer,2.5193467140197754
@jest_test-sequencer,0.7168035507202148
css-what,3.2707884311676025
css-what,0.9672577381134033
strip-bom,4.171999454498291
strip-bom,1.167358636856079
p-each-series,4.222335338592529
p-each-series,1.1672554016113281
is-regex,3.170189380645752
is-regex,1.0172624588012695
source-list-map,0.6663625240325928
source-list-map,0.5159595012664795
@babel_plugin-transform-shorthand-properties,0.8661718368530273
@babel_plugin-transform-shorthand-properties,0.5659739971160889
camelcase,4.873526573181152
camelcase,1.2671513557434082
cssom,0.46590352058410645
cssom,0.4661672115325928
babel-plugin-jest-hoist,1.0163633823394775
babel-plugin-jest-hoist,0.5658788681030273
dotenv,3.7725751399993896
dotenv,1.1170525550842285
mime,2.2191827297210693
mime,0.8164188861846924
is-path-cwd,3.671217441558838
is-path-cwd,1.0668134689331055
aws-sign2,0.4657316207885742
aws-sign2,0.465665340423584
@babel_plugin-transform-typeof-symbol,0.9166128635406494
@babel_plugin-transform-typeof-symbol,0.5663795471191406
deepmerge,1.467566728591919
deepmerge,0.6160998344421387
webpack-dev-middleware,5.323362588882446
webpack-dev-middleware,1.467406988143921
ms,1.8179140090942383
ms,0.7163312435150146
finalhandler,2.3192923069000244
finalhandler,0.8167364597320557
postcss-modules-extract-imports,3.621884346008301
postcss-modules-extract-imports,1.1176435947418213
fresh,1.9689679145812988
fresh,0.7165977954864502
copy-descriptor,1.267259120941162
copy-descriptor,0.6165814399719238
shellwords,0.5661947727203369
shellwords,0.5159502029418945
require-directory,0.8664553165435791
require-directory,0.565936803817749
cli-width,2.669396162033081
cli-width,0.9167168140411377
jest-docblock,0.5658540725708008
jest-docblock,0.515704870223999
is-data-descriptor,1.4671826362609863
is-data-descriptor,0.6661548614501953
sha.js,1.868405818939209
sha.js,0.7163171768188477
color-name,0.46561717987060547
color-name,0.5160019397735596
json-schema,0.6161186695098877
json-schema,0.515986442565918
uuid,5.725485324859619
uuid,1.5680174827575684
eslint-visitor-keys,1.6677625179290771
eslint-visitor-keys,0.7163639068603516
@babel_preset-react,1.266904592514038
@babel_preset-react,0.6161248683929443
json-stable-stringify-without-jsonify,0.566030740737915
json-stable-stringify-without-jsonify,0.5161006450653076
unique-slug,2.6697189807891846
unique-slug,0.8664727210998535
electron-to-chromium,2.7196459770202637
electron-to-chromium,0.8668382167816162
human-signals,5.926411390304565
human-signals,1.6179413795471191
mime-db,2.619025230407715
mime-db,0.9170362949371338
@webassemblyjs_ieee754,0.5163826942443848
@webassemblyjs_ieee754,0.5164821147918701
retry,1.017199993133545
retry,0.6164612770080566
copy-concurrently,2.118873119354248
copy-concurrently,0.7670893669128418
ini,2.6196157932281494
ini,0.9171795845031738
@babel_helper-module-imports,0.9169778823852539
@babel_helper-module-imports,0.5664081573486328
@webassemblyjs_floating-point-hex-parser,0.4661576747894287
@webassemblyjs_floating-point-hex-parser,0.516533374786377
css-select,3.371079683303833
css-select,1.016996145248413
cssstyle,3.771425485610962
cssstyle,1.0672461986541748
forever-agent,0.4660146236419678
forever-agent,0.4663107395172119
is-generator-fn,3.520798921585083
is-generator-fn,1.117469310760498
wordwrap,0.8164656162261963
wordwrap,0.5662806034088135
typedarray-to-buffer,4.37517237663269
typedarray-to-buffer,1.1679930686950684
figgy-pudding,3.3213183879852295
figgy-pudding,1.0167717933654785
@babel_plugin-proposal-unicode-property-regex,1.4173543453216553
@babel_plugin-proposal-unicode-property-regex,0.6168549060821533
@webassemblyjs_wasm-gen,0.6160943508148193
@webassemblyjs_wasm-gen,0.5165853500366211
os-tmpdir,3.1217968463897705
os-tmpdir,0.9168486595153809
is-docker,3.6215431690216064
is-docker,1.066941738128662
@babel_plugin-transform-modules-systemjs,1.1169991493225098
@babel_plugin-transform-modules-systemjs,0.5663876533508301
pify,3.92160701751709
pify,1.1680326461791992
jest-jasmine2,2.5689589977264404
jest-jasmine2,0.7666199207305908
jest-watcher,0.9664351940155029
jest-watcher,0.5660474300384521
builtin-status-codes,2.418903112411499
builtin-status-codes,0.7667179107666016
mimic-response,3.9716742038726807
mimic-response,1.117060661315918
requires-port,1.1168627738952637
requires-port,0.6161918640136719
ignore,3.5704762935638428
ignore,1.117520809173584
@nodelib_fs.walk,0.6160275936126709
@nodelib_fs.walk,0.515984058380127
is-arrayish,1.8178539276123047
is-arrayish,0.7161622047424316
w3c-hr-time,3.5203208923339844
w3c-hr-time,1.0668768882751465
@babel_preset-env,2.2184743881225586
@babel_preset-env,0.7163732051849365
tmpl,0.9164540767669678
tmpl,0.56622314453125
has-value,1.5173494815826416
has-value,0.6662571430206299
errno,0.8162622451782227
errno,0.5662493705749512
http-proxy-middleware,5.023296594619751
http-proxy-middleware,1.3181025981903076
is-boolean-object,3.1708216667175293
is-boolean-object,1.0176336765289307
spdx-license-ids,1.7185273170471191
spdx-license-ids,0.7169194221496582
path-dirname,0.4663734436035156
path-dirname,0.46651411056518555
is-descriptor,0.8669095039367676
is-descriptor,0.5667178630828857
json-parse-even-better-errors,2.1190457344055176
json-parse-even-better-errors,0.766995906829834
spdx-expression-parse,1.8687756061553955
spdx-expression-parse,0.7172329425811768
eslint,5.775219678878784
eslint,1.5684723854064941
cyclist,2.2690627574920654
cyclist,0.8168971538543701
istanbul-lib-coverage,1.6685125827789307
istanbul-lib-coverage,0.7169973850250244
